Video ID,Video Name and Directory
1,MODN/SPACE_01_MODN_clip_000
2,MODN/SPACE_01_MODN_clip_001
3,MODN/SPACE_01_MODN_clip_002
4,MODN/SPACE_01_MODN_clip_003
5,MODN/SPACE_01_MODN_clip_004
6,MODN/SPACE_01_MODN_clip_005
7,MODN/SPACE_01_MODN_clip_006
8,MODN/SPACE_01_MODN_clip_007
9,MODN/SPACE_01_MODN_clip_008
10,MODN/SPACE_01_MODN_clip_009
11,MODN/SPACE_01_MODN_clip_010
12,MODN/SPACE_01_MODN_clip_011
13,MODN/SPACE_01_MODN_clip_012
14,MODN/SPACE_01_MODN_clip_013
15,MODN/SPACE_01_MODN_clip_014
16,MODN/SPACE_01_MODN_clip_015
17,MODN/SPACE_01_MODN_clip_016
18,MODN/SPACE_01_MODN_clip_017
19,MODN/SPACE_01_MODN_clip_018
20,MODN/SPACE_01_MODN_clip_019
21,MODN/SPACE_01_MODN_clip_020
22,MODN/SPACE_01_MODN_clip_021
23,MODN/SPACE_01_MODN_clip_022
24,MODN/SPACE_01_MODN_clip_023
25,MODN/SPACE_01_MODN_clip_024
26,MODN/SPACE_01_MODN_clip_025
27,MODN/SPACE_01_MODN_clip_026
28,MODN/SPACE_01_MODN_clip_027
29,MODN/SPACE_01_MODN_clip_028
30,MODN/SPACE_01_MODN_clip_029
31,MODN/SPACE_01_MODN_clip_030
32,MODN/SPACE_02_MODN_clip_000
33,MODN/SPACE_02_MODN_clip_001
34,MODN/SPACE_02_MODN_clip_002
35,MODN/SPACE_02_MODN_clip_003
36,MODN/SPACE_02_MODN_clip_004
37,MODN/SPACE_02_MODN_clip_005
38,MODN/SPACE_02_MODN_clip_006
39,MODN/SPACE_02_MODN_clip_007
40,MODN/SPACE_02_MODN_clip_008
41,MODN/SPACE_02_MODN_clip_009
42,MODN/SPACE_02_MODN_clip_010
43,MODN/SPACE_02_MODN_clip_011
44,MODN/SPACE_02_MODN_clip_012
45,MODN/SPACE_02_MODN_clip_013
46,MODN/SPACE_02_MODN_clip_014
47,MODN/SPACE_02_MODN_clip_015
48,MODN/SPACE_02_MODN_clip_016
49,MODN/SPACE_02_MODN_clip_017
50,MODN/SPACE_02_MODN_clip_018
51,MODN/SPACE_02_MODN_clip_019
52,MODN/SPACE_02_MODN_clip_020
53,MODN/SPACE_02_MODN_clip_021
54,MODN/SPACE_02_MODN_clip_022
55,MODN/SPACE_02_MODN_clip_023
56,MODN/SPACE_02_MODN_clip_024
57,MODN/SPACE_02_MODN_clip_025
58,MODN/SPACE_02_MODN_clip_026
59,MODN/SPACE_02_MODN_clip_027
60,MODN/SPACE_02_MODN_clip_028
61,MODN/SPACE_02_MODN_clip_029
62,MODN/SPACE_02_MODN_clip_030
63,MODN/SPACE_03_MODN_clip_000
64,MODN/SPACE_03_MODN_clip_001
65,MODN/SPACE_03_MODN_clip_002
66,MODN/SPACE_03_MODN_clip_003
67,MODN/SPACE_03_MODN_clip_004
68,MODN/SPACE_03_MODN_clip_005
69,MODN/SPACE_03_MODN_clip_006
70,MODN/SPACE_03_MODN_clip_007
71,MODN/SPACE_03_MODN_clip_008
72,MODN/SPACE_03_MODN_clip_009
73,MODN/SPACE_03_MODN_clip_010
74,MODN/SPACE_03_MODN_clip_011
75,MODN/SPACE_03_MODN_clip_012
76,MODN/SPACE_03_MODN_clip_013
77,MODN/SPACE_03_MODN_clip_014
78,MODN/SPACE_03_MODN_clip_015
79,MODN/SPACE_03_MODN_clip_016
80,MODN/SPACE_03_MODN_clip_017
81,MODN/SPACE_03_MODN_clip_018
82,MODN/SPACE_03_MODN_clip_019
83,MODN/SPACE_03_MODN_clip_020
84,MODN/SPACE_03_MODN_clip_021
85,MODN/SPACE_03_MODN_clip_022
86,MODN/SPACE_03_MODN_clip_023
87,MODN/SPACE_03_MODN_clip_024
88,MODN/SPACE_03_MODN_clip_025
89,MODN/SPACE_03_MODN_clip_026
90,MODN/SPACE_03_MODN_clip_027
91,MODN/SPACE_03_MODN_clip_028
92,MODN/SPACE_03_MODN_clip_029
93,MODN/SPACE_03_MODN_clip_030
94,MODN/SPACE_04_MODN_clip_000
95,MODN/SPACE_04_MODN_clip_001
96,MODN/SPACE_04_MODN_clip_002
97,MODN/SPACE_04_MODN_clip_003
98,MODN/SPACE_04_MODN_clip_004
99,MODN/SPACE_04_MODN_clip_005
100,MODN/SPACE_04_MODN_clip_006
101,MODN/SPACE_04_MODN_clip_007
102,MODN/SPACE_04_MODN_clip_008
103,MODN/SPACE_04_MODN_clip_009
104,MODN/SPACE_04_MODN_clip_010
105,MODN/SPACE_04_MODN_clip_011
106,MODN/SPACE_04_MODN_clip_012
107,MODN/SPACE_04_MODN_clip_013
108,MODN/SPACE_04_MODN_clip_014
109,MODN/SPACE_04_MODN_clip_015
110,MODN/SPACE_04_MODN_clip_016
111,MODN/SPACE_04_MODN_clip_017
112,MODN/SPACE_04_MODN_clip_018
113,MODN/SPACE_04_MODN_clip_019
114,MODN/SPACE_04_MODN_clip_020
115,MODN/SPACE_04_MODN_clip_021
116,MODN/SPACE_04_MODN_clip_022
117,MODN/SPACE_04_MODN_clip_023
118,MODN/SPACE_04_MODN_clip_024
119,MODN/SPACE_04_MODN_clip_025
120,MODN/SPACE_04_MODN_clip_026
121,MODN/SPACE_04_MODN_clip_027
122,MODN/SPACE_04_MODN_clip_028
123,MODN/SPACE_04_MODN_clip_029
124,MODN/SPACE_04_MODN_clip_030
125,MODN/SPACE_05_MODN_clip_000
126,MODN/SPACE_05_MODN_clip_001
127,MODN/SPACE_05_MODN_clip_002
128,MODN/SPACE_05_MODN_clip_003
129,MODN/SPACE_05_MODN_clip_004
130,MODN/SPACE_05_MODN_clip_005
131,MODN/SPACE_05_MODN_clip_006
132,MODN/SPACE_05_MODN_clip_007
133,MODN/SPACE_05_MODN_clip_008
134,MODN/SPACE_05_MODN_clip_009
135,MODN/SPACE_05_MODN_clip_010
136,MODN/SPACE_05_MODN_clip_011
137,MODN/SPACE_05_MODN_clip_012
138,MODN/SPACE_05_MODN_clip_013
139,MODN/SPACE_05_MODN_clip_014
140,MODN/SPACE_05_MODN_clip_015
141,MODN/SPACE_05_MODN_clip_016
142,MODN/SPACE_05_MODN_clip_017
143,MODN/SPACE_05_MODN_clip_018
144,MODN/SPACE_05_MODN_clip_019
145,MODN/SPACE_05_MODN_clip_020
146,MODN/SPACE_05_MODN_clip_021
147,MODN/SPACE_05_MODN_clip_022
148,MODN/SPACE_05_MODN_clip_023
149,MODN/SPACE_05_MODN_clip_024
150,MODN/SPACE_05_MODN_clip_025
151,MODN/SPACE_05_MODN_clip_026
152,MODN/SPACE_05_MODN_clip_027
153,MODN/SPACE_05_MODN_clip_028
154,MODN/SPACE_05_MODN_clip_029
155,MODN/SPACE_05_MODN_clip_030
156,MODN/SPACE_06_MODN_clip_000
157,MODN/SPACE_06_MODN_clip_001
158,MODN/SPACE_06_MODN_clip_002
159,MODN/SPACE_06_MODN_clip_003
160,MODN/SPACE_06_MODN_clip_004
161,MODN/SPACE_06_MODN_clip_005
162,MODN/SPACE_06_MODN_clip_006
163,MODN/SPACE_06_MODN_clip_007
164,MODN/SPACE_06_MODN_clip_008
165,MODN/SPACE_06_MODN_clip_009
166,MODN/SPACE_06_MODN_clip_010
167,MODN/SPACE_06_MODN_clip_011
168,MODN/SPACE_06_MODN_clip_012
169,MODN/SPACE_06_MODN_clip_013
170,MODN/SPACE_06_MODN_clip_014
171,MODN/SPACE_06_MODN_clip_015
172,MODN/SPACE_06_MODN_clip_016
173,MODN/SPACE_06_MODN_clip_017
174,MODN/SPACE_06_MODN_clip_018
175,MODN/SPACE_06_MODN_clip_019
176,MODN/SPACE_06_MODN_clip_020
177,MODN/SPACE_06_MODN_clip_021
178,MODN/SPACE_06_MODN_clip_022
179,MODN/SPACE_06_MODN_clip_023
180,MODN/SPACE_06_MODN_clip_024
181,MODN/SPACE_06_MODN_clip_025
182,MODN/SPACE_06_MODN_clip_026
183,MODN/SPACE_06_MODN_clip_027
184,MODN/SPACE_06_MODN_clip_028
185,MODN/SPACE_06_MODN_clip_029
186,MODN/SPACE_06_MODN_clip_030
187,MODN/SPACE_07_MODN_clip_000
188,MODN/SPACE_07_MODN_clip_001
189,MODN/SPACE_07_MODN_clip_002
190,MODN/SPACE_07_MODN_clip_003
191,MODN/SPACE_07_MODN_clip_004
192,MODN/SPACE_07_MODN_clip_005
193,MODN/SPACE_07_MODN_clip_006
194,MODN/SPACE_07_MODN_clip_007
195,MODN/SPACE_07_MODN_clip_008
196,MODN/SPACE_07_MODN_clip_009
197,MODN/SPACE_07_MODN_clip_010
198,MODN/SPACE_07_MODN_clip_011
199,MODN/SPACE_07_MODN_clip_012
200,MODN/SPACE_07_MODN_clip_013
201,MODN/SPACE_07_MODN_clip_014
202,MODN/SPACE_07_MODN_clip_015
203,MODN/SPACE_07_MODN_clip_016
204,MODN/SPACE_07_MODN_clip_017
205,MODN/SPACE_07_MODN_clip_018
206,MODN/SPACE_07_MODN_clip_019
207,MODN/SPACE_07_MODN_clip_020
208,MODN/SPACE_07_MODN_clip_021
209,MODN/SPACE_07_MODN_clip_022
210,MODN/SPACE_07_MODN_clip_023
211,MODN/SPACE_07_MODN_clip_024
212,MODN/SPACE_07_MODN_clip_025
213,MODN/SPACE_07_MODN_clip_026
214,MODN/SPACE_07_MODN_clip_027
215,MODN/SPACE_07_MODN_clip_028
216,MODN/SPACE_07_MODN_clip_029
217,MODN/SPACE_07_MODN_clip_030
218,MODN/SPACE_08_MODN_clip_000
219,MODN/SPACE_08_MODN_clip_001
220,MODN/SPACE_08_MODN_clip_002
221,MODN/SPACE_08_MODN_clip_003
222,MODN/SPACE_08_MODN_clip_004
223,MODN/SPACE_08_MODN_clip_005
224,MODN/SPACE_08_MODN_clip_006
225,MODN/SPACE_08_MODN_clip_007
226,MODN/SPACE_08_MODN_clip_008
227,MODN/SPACE_08_MODN_clip_009
228,MODN/SPACE_08_MODN_clip_010
229,MODN/SPACE_08_MODN_clip_011
230,MODN/SPACE_08_MODN_clip_012
231,MODN/SPACE_08_MODN_clip_013
232,MODN/SPACE_08_MODN_clip_014
233,MODN/SPACE_08_MODN_clip_015
234,MODN/SPACE_08_MODN_clip_016
235,MODN/SPACE_08_MODN_clip_017
236,MODN/SPACE_08_MODN_clip_018
237,MODN/SPACE_08_MODN_clip_019
238,MODN/SPACE_08_MODN_clip_020
239,MODN/SPACE_08_MODN_clip_021
240,MODN/SPACE_08_MODN_clip_022
241,MODN/SPACE_08_MODN_clip_023
242,MODN/SPACE_08_MODN_clip_024
243,MODN/SPACE_08_MODN_clip_025
244,MODN/SPACE_08_MODN_clip_026
245,MODN/SPACE_08_MODN_clip_027
246,MODN/SPACE_08_MODN_clip_028
247,MODN/SPACE_08_MODN_clip_029
248,MODN/SPACE_08_MODN_clip_030
249,MODN/SPACE_09_MODN_clip_000
250,MODN/SPACE_09_MODN_clip_001
251,MODN/SPACE_09_MODN_clip_002
252,MODN/SPACE_09_MODN_clip_003
253,MODN/SPACE_09_MODN_clip_004
254,MODN/SPACE_09_MODN_clip_005
255,MODN/SPACE_09_MODN_clip_006
256,MODN/SPACE_09_MODN_clip_007
257,MODN/SPACE_09_MODN_clip_008
258,MODN/SPACE_09_MODN_clip_009
259,MODN/SPACE_09_MODN_clip_010
260,MODN/SPACE_09_MODN_clip_011
261,MODN/SPACE_09_MODN_clip_012
262,MODN/SPACE_09_MODN_clip_013
263,MODN/SPACE_09_MODN_clip_014
264,MODN/SPACE_09_MODN_clip_015
265,MODN/SPACE_09_MODN_clip_016
266,MODN/SPACE_09_MODN_clip_017
267,MODN/SPACE_09_MODN_clip_018
268,MODN/SPACE_09_MODN_clip_019
269,MODN/SPACE_09_MODN_clip_020
270,MODN/SPACE_09_MODN_clip_021
271,MODN/SPACE_09_MODN_clip_022
272,MODN/SPACE_09_MODN_clip_023
273,MODN/SPACE_09_MODN_clip_024
274,MODN/SPACE_09_MODN_clip_025
275,MODN/SPACE_09_MODN_clip_026
276,MODN/SPACE_09_MODN_clip_027
277,MODN/SPACE_09_MODN_clip_028
278,MODN/SPACE_09_MODN_clip_029
279,MODN/SPACE_09_MODN_clip_030
280,MODN/SPACE_10_MODN_clip_000
281,MODN/SPACE_10_MODN_clip_001
282,MODN/SPACE_10_MODN_clip_002
283,MODN/SPACE_10_MODN_clip_003
284,MODN/SPACE_10_MODN_clip_004
285,MODN/SPACE_10_MODN_clip_005
286,MODN/SPACE_10_MODN_clip_006
287,MODN/SPACE_10_MODN_clip_007
288,MODN/SPACE_10_MODN_clip_008
289,MODN/SPACE_10_MODN_clip_009
290,MODN/SPACE_10_MODN_clip_010
291,MODN/SPACE_10_MODN_clip_011
292,MODN/SPACE_10_MODN_clip_012
293,MODN/SPACE_10_MODN_clip_013
294,MODN/SPACE_10_MODN_clip_014
295,MODN/SPACE_10_MODN_clip_015
296,MODN/SPACE_10_MODN_clip_016
297,MODN/SPACE_10_MODN_clip_017
298,MODN/SPACE_10_MODN_clip_018
299,MODN/SPACE_10_MODN_clip_019
300,MODN/SPACE_10_MODN_clip_020
301,MODN/SPACE_10_MODN_clip_021
302,MODN/SPACE_10_MODN_clip_022
303,MODN/SPACE_10_MODN_clip_023
304,MODN/SPACE_10_MODN_clip_024
305,MODN/SPACE_10_MODN_clip_025
306,MODN/SPACE_10_MODN_clip_026
307,MODN/SPACE_10_MODN_clip_027
308,MODN/SPACE_10_MODN_clip_028
309,MODN/SPACE_10_MODN_clip_029
310,MODN/SPACE_10_MODN_clip_030
311,MODN/SPACE_11_MODN_clip_000
312,MODN/SPACE_11_MODN_clip_001
313,MODN/SPACE_11_MODN_clip_002
314,MODN/SPACE_11_MODN_clip_003
315,MODN/SPACE_11_MODN_clip_004
316,MODN/SPACE_11_MODN_clip_005
317,MODN/SPACE_11_MODN_clip_006
318,MODN/SPACE_11_MODN_clip_007
319,MODN/SPACE_11_MODN_clip_008
320,MODN/SPACE_11_MODN_clip_009
321,MODN/SPACE_11_MODN_clip_010
322,MODN/SPACE_11_MODN_clip_011
323,MODN/SPACE_11_MODN_clip_012
324,MODN/SPACE_11_MODN_clip_013
325,MODN/SPACE_11_MODN_clip_014
326,MODN/SPACE_11_MODN_clip_015
327,MODN/SPACE_11_MODN_clip_016
328,MODN/SPACE_11_MODN_clip_017
329,MODN/SPACE_11_MODN_clip_018
330,MODN/SPACE_11_MODN_clip_019
331,MODN/SPACE_11_MODN_clip_020
332,MODN/SPACE_11_MODN_clip_021
333,MODN/SPACE_11_MODN_clip_022
334,MODN/SPACE_11_MODN_clip_023
335,MODN/SPACE_11_MODN_clip_024
336,MODN/SPACE_11_MODN_clip_025
337,MODN/SPACE_11_MODN_clip_026
338,MODN/SPACE_11_MODN_clip_027
339,MODN/SPACE_11_MODN_clip_028
340,MODN/SPACE_11_MODN_clip_029
341,MODN/SPACE_11_MODN_clip_030
342,MODN/SPACE_12_MODN_clip_000
343,MODN/SPACE_12_MODN_clip_001
344,MODN/SPACE_12_MODN_clip_002
345,MODN/SPACE_12_MODN_clip_003
346,MODN/SPACE_12_MODN_clip_004
347,MODN/SPACE_12_MODN_clip_005
348,MODN/SPACE_12_MODN_clip_006
349,MODN/SPACE_12_MODN_clip_007
350,MODN/SPACE_12_MODN_clip_008
351,MODN/SPACE_12_MODN_clip_009
352,MODN/SPACE_12_MODN_clip_010
353,MODN/SPACE_12_MODN_clip_011
354,MODN/SPACE_12_MODN_clip_012
355,MODN/SPACE_12_MODN_clip_013
356,MODN/SPACE_12_MODN_clip_014
357,MODN/SPACE_12_MODN_clip_015
358,MODN/SPACE_12_MODN_clip_016
359,MODN/SPACE_12_MODN_clip_017
360,MODN/SPACE_12_MODN_clip_018
361,MODN/SPACE_12_MODN_clip_019
362,MODN/SPACE_12_MODN_clip_020
363,MODN/SPACE_12_MODN_clip_021
364,MODN/SPACE_12_MODN_clip_022
365,MODN/SPACE_12_MODN_clip_023
366,MODN/SPACE_12_MODN_clip_024
367,MODN/SPACE_12_MODN_clip_025
368,MODN/SPACE_12_MODN_clip_026
369,MODN/SPACE_12_MODN_clip_027
370,MODN/SPACE_12_MODN_clip_028
371,MODN/SPACE_12_MODN_clip_029
372,MODN/SPACE_12_MODN_clip_030
373,MUJI/SPACE_01_MUJI_clip_000
374,MUJI/SPACE_01_MUJI_clip_001
375,MUJI/SPACE_01_MUJI_clip_002
376,MUJI/SPACE_01_MUJI_clip_003
377,MUJI/SPACE_01_MUJI_clip_004
378,MUJI/SPACE_01_MUJI_clip_005
379,MUJI/SPACE_01_MUJI_clip_006
380,MUJI/SPACE_01_MUJI_clip_007
381,MUJI/SPACE_01_MUJI_clip_008
382,MUJI/SPACE_01_MUJI_clip_009
383,MUJI/SPACE_01_MUJI_clip_010
384,MUJI/SPACE_01_MUJI_clip_011
385,MUJI/SPACE_01_MUJI_clip_012
386,MUJI/SPACE_01_MUJI_clip_013
387,MUJI/SPACE_01_MUJI_clip_014
388,MUJI/SPACE_01_MUJI_clip_015
389,MUJI/SPACE_01_MUJI_clip_016
390,MUJI/SPACE_01_MUJI_clip_017
391,MUJI/SPACE_01_MUJI_clip_018
392,MUJI/SPACE_01_MUJI_clip_019
393,MUJI/SPACE_01_MUJI_clip_020
394,MUJI/SPACE_01_MUJI_clip_021
395,MUJI/SPACE_01_MUJI_clip_022
396,MUJI/SPACE_01_MUJI_clip_023
397,MUJI/SPACE_01_MUJI_clip_024
398,MUJI/SPACE_01_MUJI_clip_025
399,MUJI/SPACE_01_MUJI_clip_026
400,MUJI/SPACE_01_MUJI_clip_027
401,MUJI/SPACE_01_MUJI_clip_028
402,MUJI/SPACE_01_MUJI_clip_029
403,MUJI/SPACE_01_MUJI_clip_030
404,MUJI/SPACE_02_MUJI_clip_000
405,MUJI/SPACE_02_MUJI_clip_001
406,MUJI/SPACE_02_MUJI_clip_002
407,MUJI/SPACE_02_MUJI_clip_003
408,MUJI/SPACE_02_MUJI_clip_004
409,MUJI/SPACE_02_MUJI_clip_005
410,MUJI/SPACE_02_MUJI_clip_006
411,MUJI/SPACE_02_MUJI_clip_007
412,MUJI/SPACE_02_MUJI_clip_008
413,MUJI/SPACE_02_MUJI_clip_009
414,MUJI/SPACE_02_MUJI_clip_010
415,MUJI/SPACE_02_MUJI_clip_011
416,MUJI/SPACE_02_MUJI_clip_012
417,MUJI/SPACE_02_MUJI_clip_013
418,MUJI/SPACE_02_MUJI_clip_014
419,MUJI/SPACE_02_MUJI_clip_015
420,MUJI/SPACE_02_MUJI_clip_016
421,MUJI/SPACE_02_MUJI_clip_017
422,MUJI/SPACE_02_MUJI_clip_018
423,MUJI/SPACE_02_MUJI_clip_019
424,MUJI/SPACE_02_MUJI_clip_020
425,MUJI/SPACE_02_MUJI_clip_021
426,MUJI/SPACE_02_MUJI_clip_022
427,MUJI/SPACE_02_MUJI_clip_023
428,MUJI/SPACE_02_MUJI_clip_024
429,MUJI/SPACE_02_MUJI_clip_025
430,MUJI/SPACE_02_MUJI_clip_026
431,MUJI/SPACE_02_MUJI_clip_027
432,MUJI/SPACE_02_MUJI_clip_028
433,MUJI/SPACE_02_MUJI_clip_029
434,MUJI/SPACE_02_MUJI_clip_030
435,MUJI/SPACE_03_MUJI_clip_000
436,MUJI/SPACE_03_MUJI_clip_001
437,MUJI/SPACE_03_MUJI_clip_002
438,MUJI/SPACE_03_MUJI_clip_003
439,MUJI/SPACE_03_MUJI_clip_004
440,MUJI/SPACE_03_MUJI_clip_005
441,MUJI/SPACE_03_MUJI_clip_006
442,MUJI/SPACE_03_MUJI_clip_007
443,MUJI/SPACE_03_MUJI_clip_008
444,MUJI/SPACE_03_MUJI_clip_009
445,MUJI/SPACE_03_MUJI_clip_010
446,MUJI/SPACE_03_MUJI_clip_011
447,MUJI/SPACE_03_MUJI_clip_012
448,MUJI/SPACE_03_MUJI_clip_013
449,MUJI/SPACE_03_MUJI_clip_014
450,MUJI/SPACE_03_MUJI_clip_015
451,MUJI/SPACE_03_MUJI_clip_016
452,MUJI/SPACE_03_MUJI_clip_017
453,MUJI/SPACE_03_MUJI_clip_018
454,MUJI/SPACE_03_MUJI_clip_019
455,MUJI/SPACE_03_MUJI_clip_020
456,MUJI/SPACE_03_MUJI_clip_021
457,MUJI/SPACE_03_MUJI_clip_022
458,MUJI/SPACE_03_MUJI_clip_023
459,MUJI/SPACE_03_MUJI_clip_024
460,MUJI/SPACE_03_MUJI_clip_025
461,MUJI/SPACE_03_MUJI_clip_026
462,MUJI/SPACE_03_MUJI_clip_027
463,MUJI/SPACE_03_MUJI_clip_028
464,MUJI/SPACE_03_MUJI_clip_029
465,MUJI/SPACE_03_MUJI_clip_030
466,MUJI/SPACE_04_MUJI_clip_000
467,MUJI/SPACE_04_MUJI_clip_001
468,MUJI/SPACE_04_MUJI_clip_002
469,MUJI/SPACE_04_MUJI_clip_003
470,MUJI/SPACE_04_MUJI_clip_004
471,MUJI/SPACE_04_MUJI_clip_005
472,MUJI/SPACE_04_MUJI_clip_006
473,MUJI/SPACE_04_MUJI_clip_007
474,MUJI/SPACE_04_MUJI_clip_008
475,MUJI/SPACE_04_MUJI_clip_009
476,MUJI/SPACE_04_MUJI_clip_010
477,MUJI/SPACE_04_MUJI_clip_011
478,MUJI/SPACE_04_MUJI_clip_012
479,MUJI/SPACE_04_MUJI_clip_013
480,MUJI/SPACE_04_MUJI_clip_014
481,MUJI/SPACE_04_MUJI_clip_015
482,MUJI/SPACE_04_MUJI_clip_016
483,MUJI/SPACE_04_MUJI_clip_017
484,MUJI/SPACE_04_MUJI_clip_018
485,MUJI/SPACE_04_MUJI_clip_019
486,MUJI/SPACE_04_MUJI_clip_020
487,MUJI/SPACE_04_MUJI_clip_021
488,MUJI/SPACE_04_MUJI_clip_022
489,MUJI/SPACE_04_MUJI_clip_023
490,MUJI/SPACE_04_MUJI_clip_024
491,MUJI/SPACE_04_MUJI_clip_025
492,MUJI/SPACE_04_MUJI_clip_026
493,MUJI/SPACE_04_MUJI_clip_027
494,MUJI/SPACE_04_MUJI_clip_028
495,MUJI/SPACE_04_MUJI_clip_029
496,MUJI/SPACE_04_MUJI_clip_030
497,MUJI/SPACE_05_MUJI_clip_000
498,MUJI/SPACE_05_MUJI_clip_001
499,MUJI/SPACE_05_MUJI_clip_002
500,MUJI/SPACE_05_MUJI_clip_003
501,MUJI/SPACE_05_MUJI_clip_004
502,MUJI/SPACE_05_MUJI_clip_005
503,MUJI/SPACE_05_MUJI_clip_006
504,MUJI/SPACE_05_MUJI_clip_007
505,MUJI/SPACE_05_MUJI_clip_008
506,MUJI/SPACE_05_MUJI_clip_009
507,MUJI/SPACE_05_MUJI_clip_010
508,MUJI/SPACE_05_MUJI_clip_011
509,MUJI/SPACE_05_MUJI_clip_012
510,MUJI/SPACE_05_MUJI_clip_013
511,MUJI/SPACE_05_MUJI_clip_014
512,MUJI/SPACE_05_MUJI_clip_015
513,MUJI/SPACE_05_MUJI_clip_016
514,MUJI/SPACE_05_MUJI_clip_017
515,MUJI/SPACE_05_MUJI_clip_018
516,MUJI/SPACE_05_MUJI_clip_019
517,MUJI/SPACE_05_MUJI_clip_020
518,MUJI/SPACE_05_MUJI_clip_021
519,MUJI/SPACE_05_MUJI_clip_022
520,MUJI/SPACE_05_MUJI_clip_023
521,MUJI/SPACE_05_MUJI_clip_024
522,MUJI/SPACE_05_MUJI_clip_025
523,MUJI/SPACE_05_MUJI_clip_026
524,MUJI/SPACE_05_MUJI_clip_027
525,MUJI/SPACE_05_MUJI_clip_028
526,MUJI/SPACE_05_MUJI_clip_029
527,MUJI/SPACE_05_MUJI_clip_030
528,MUJI/SPACE_06_MUJI_clip_000
529,MUJI/SPACE_06_MUJI_clip_001
530,MUJI/SPACE_06_MUJI_clip_002
531,MUJI/SPACE_06_MUJI_clip_003
532,MUJI/SPACE_06_MUJI_clip_004
533,MUJI/SPACE_06_MUJI_clip_005
534,MUJI/SPACE_06_MUJI_clip_006
535,MUJI/SPACE_06_MUJI_clip_007
536,MUJI/SPACE_06_MUJI_clip_008
537,MUJI/SPACE_06_MUJI_clip_009
538,MUJI/SPACE_06_MUJI_clip_010
539,MUJI/SPACE_06_MUJI_clip_011
540,MUJI/SPACE_06_MUJI_clip_012
541,MUJI/SPACE_06_MUJI_clip_013
542,MUJI/SPACE_06_MUJI_clip_014
543,MUJI/SPACE_06_MUJI_clip_015
544,MUJI/SPACE_06_MUJI_clip_016
545,MUJI/SPACE_06_MUJI_clip_017
546,MUJI/SPACE_06_MUJI_clip_018
547,MUJI/SPACE_06_MUJI_clip_019
548,MUJI/SPACE_06_MUJI_clip_020
549,MUJI/SPACE_06_MUJI_clip_021
550,MUJI/SPACE_06_MUJI_clip_022
551,MUJI/SPACE_06_MUJI_clip_023
552,MUJI/SPACE_06_MUJI_clip_024
553,MUJI/SPACE_06_MUJI_clip_025
554,MUJI/SPACE_06_MUJI_clip_026
555,MUJI/SPACE_06_MUJI_clip_027
556,MUJI/SPACE_06_MUJI_clip_028
557,MUJI/SPACE_06_MUJI_clip_029
558,MUJI/SPACE_06_MUJI_clip_030
559,MUJI/SPACE_07_MUJI_clip_000
560,MUJI/SPACE_07_MUJI_clip_001
561,MUJI/SPACE_07_MUJI_clip_002
562,MUJI/SPACE_07_MUJI_clip_003
563,MUJI/SPACE_07_MUJI_clip_004
564,MUJI/SPACE_07_MUJI_clip_005
565,MUJI/SPACE_07_MUJI_clip_006
566,MUJI/SPACE_07_MUJI_clip_007
567,MUJI/SPACE_07_MUJI_clip_008
568,MUJI/SPACE_07_MUJI_clip_009
569,MUJI/SPACE_07_MUJI_clip_010
570,MUJI/SPACE_07_MUJI_clip_011
571,MUJI/SPACE_07_MUJI_clip_012
572,MUJI/SPACE_07_MUJI_clip_013
573,MUJI/SPACE_07_MUJI_clip_014
574,MUJI/SPACE_07_MUJI_clip_015
575,MUJI/SPACE_07_MUJI_clip_016
576,MUJI/SPACE_07_MUJI_clip_017
577,MUJI/SPACE_07_MUJI_clip_018
578,MUJI/SPACE_07_MUJI_clip_019
579,MUJI/SPACE_07_MUJI_clip_020
580,MUJI/SPACE_07_MUJI_clip_021
581,MUJI/SPACE_07_MUJI_clip_022
582,MUJI/SPACE_07_MUJI_clip_023
583,MUJI/SPACE_07_MUJI_clip_024
584,MUJI/SPACE_07_MUJI_clip_025
585,MUJI/SPACE_07_MUJI_clip_026
586,MUJI/SPACE_07_MUJI_clip_027
587,MUJI/SPACE_07_MUJI_clip_028
588,MUJI/SPACE_07_MUJI_clip_029
589,MUJI/SPACE_07_MUJI_clip_030
590,MUJI/SPACE_08_MUJI_clip_000
591,MUJI/SPACE_08_MUJI_clip_001
592,MUJI/SPACE_08_MUJI_clip_002
593,MUJI/SPACE_08_MUJI_clip_003
594,MUJI/SPACE_08_MUJI_clip_004
595,MUJI/SPACE_08_MUJI_clip_005
596,MUJI/SPACE_08_MUJI_clip_006
597,MUJI/SPACE_08_MUJI_clip_007
598,MUJI/SPACE_08_MUJI_clip_008
599,MUJI/SPACE_08_MUJI_clip_009
600,MUJI/SPACE_08_MUJI_clip_010
601,MUJI/SPACE_08_MUJI_clip_011
602,MUJI/SPACE_08_MUJI_clip_012
603,MUJI/SPACE_08_MUJI_clip_013
604,MUJI/SPACE_08_MUJI_clip_014
605,MUJI/SPACE_08_MUJI_clip_015
606,MUJI/SPACE_08_MUJI_clip_016
607,MUJI/SPACE_08_MUJI_clip_017
608,MUJI/SPACE_08_MUJI_clip_018
609,MUJI/SPACE_08_MUJI_clip_019
610,MUJI/SPACE_08_MUJI_clip_020
611,MUJI/SPACE_08_MUJI_clip_021
612,MUJI/SPACE_08_MUJI_clip_022
613,MUJI/SPACE_08_MUJI_clip_023
614,MUJI/SPACE_08_MUJI_clip_024
615,MUJI/SPACE_08_MUJI_clip_025
616,MUJI/SPACE_08_MUJI_clip_026
617,MUJI/SPACE_08_MUJI_clip_027
618,MUJI/SPACE_08_MUJI_clip_028
619,MUJI/SPACE_08_MUJI_clip_029
620,MUJI/SPACE_08_MUJI_clip_030
621,MUJI/SPACE_09_MUJI_clip_000
622,MUJI/SPACE_09_MUJI_clip_001
623,MUJI/SPACE_09_MUJI_clip_002
624,MUJI/SPACE_09_MUJI_clip_003
625,MUJI/SPACE_09_MUJI_clip_004
626,MUJI/SPACE_09_MUJI_clip_005
627,MUJI/SPACE_09_MUJI_clip_006
628,MUJI/SPACE_09_MUJI_clip_007
629,MUJI/SPACE_09_MUJI_clip_008
630,MUJI/SPACE_09_MUJI_clip_009
631,MUJI/SPACE_09_MUJI_clip_010
632,MUJI/SPACE_09_MUJI_clip_011
633,MUJI/SPACE_09_MUJI_clip_012
634,MUJI/SPACE_09_MUJI_clip_013
635,MUJI/SPACE_09_MUJI_clip_014
636,MUJI/SPACE_09_MUJI_clip_015
637,MUJI/SPACE_09_MUJI_clip_016
638,MUJI/SPACE_09_MUJI_clip_017
639,MUJI/SPACE_09_MUJI_clip_018
640,MUJI/SPACE_09_MUJI_clip_019
641,MUJI/SPACE_09_MUJI_clip_020
642,MUJI/SPACE_09_MUJI_clip_021
643,MUJI/SPACE_09_MUJI_clip_022
644,MUJI/SPACE_09_MUJI_clip_023
645,MUJI/SPACE_09_MUJI_clip_024
646,MUJI/SPACE_09_MUJI_clip_025
647,MUJI/SPACE_09_MUJI_clip_026
648,MUJI/SPACE_09_MUJI_clip_027
649,MUJI/SPACE_09_MUJI_clip_028
650,MUJI/SPACE_09_MUJI_clip_029
651,MUJI/SPACE_09_MUJI_clip_030
652,MUJI/SPACE_10_MUJI_clip_000
653,MUJI/SPACE_10_MUJI_clip_001
654,MUJI/SPACE_10_MUJI_clip_002
655,MUJI/SPACE_10_MUJI_clip_003
656,MUJI/SPACE_10_MUJI_clip_004
657,MUJI/SPACE_10_MUJI_clip_005
658,MUJI/SPACE_10_MUJI_clip_006
659,MUJI/SPACE_10_MUJI_clip_007
660,MUJI/SPACE_10_MUJI_clip_008
661,MUJI/SPACE_10_MUJI_clip_009
662,MUJI/SPACE_10_MUJI_clip_010
663,MUJI/SPACE_10_MUJI_clip_011
664,MUJI/SPACE_10_MUJI_clip_012
665,MUJI/SPACE_10_MUJI_clip_013
666,MUJI/SPACE_10_MUJI_clip_014
667,MUJI/SPACE_10_MUJI_clip_015
668,MUJI/SPACE_10_MUJI_clip_016
669,MUJI/SPACE_10_MUJI_clip_017
670,MUJI/SPACE_10_MUJI_clip_018
671,MUJI/SPACE_10_MUJI_clip_019
672,MUJI/SPACE_10_MUJI_clip_020
673,MUJI/SPACE_10_MUJI_clip_021
674,MUJI/SPACE_10_MUJI_clip_022
675,MUJI/SPACE_10_MUJI_clip_023
676,MUJI/SPACE_10_MUJI_clip_024
677,MUJI/SPACE_10_MUJI_clip_025
678,MUJI/SPACE_10_MUJI_clip_026
679,MUJI/SPACE_10_MUJI_clip_027
680,MUJI/SPACE_10_MUJI_clip_028
681,MUJI/SPACE_10_MUJI_clip_029
682,MUJI/SPACE_10_MUJI_clip_030
683,MUJI/SPACE_11_MUJI_clip_000
684,MUJI/SPACE_11_MUJI_clip_001
685,MUJI/SPACE_11_MUJI_clip_002
686,MUJI/SPACE_11_MUJI_clip_003
687,MUJI/SPACE_11_MUJI_clip_004
688,MUJI/SPACE_11_MUJI_clip_005
689,MUJI/SPACE_11_MUJI_clip_006
690,MUJI/SPACE_11_MUJI_clip_007
691,MUJI/SPACE_11_MUJI_clip_008
692,MUJI/SPACE_11_MUJI_clip_009
693,MUJI/SPACE_11_MUJI_clip_010
694,MUJI/SPACE_11_MUJI_clip_011
695,MUJI/SPACE_11_MUJI_clip_012
696,MUJI/SPACE_11_MUJI_clip_013
697,MUJI/SPACE_11_MUJI_clip_014
698,MUJI/SPACE_11_MUJI_clip_015
699,MUJI/SPACE_11_MUJI_clip_016
700,MUJI/SPACE_11_MUJI_clip_017
701,MUJI/SPACE_11_MUJI_clip_018
702,MUJI/SPACE_11_MUJI_clip_019
703,MUJI/SPACE_11_MUJI_clip_020
704,MUJI/SPACE_11_MUJI_clip_021
705,MUJI/SPACE_11_MUJI_clip_022
706,MUJI/SPACE_11_MUJI_clip_023
707,MUJI/SPACE_11_MUJI_clip_024
708,MUJI/SPACE_11_MUJI_clip_025
709,MUJI/SPACE_11_MUJI_clip_026
710,MUJI/SPACE_11_MUJI_clip_027
711,MUJI/SPACE_11_MUJI_clip_028
712,MUJI/SPACE_11_MUJI_clip_029
713,MUJI/SPACE_11_MUJI_clip_030
714,MUJI/SPACE_12_MUJI_clip_000
715,MUJI/SPACE_12_MUJI_clip_001
716,MUJI/SPACE_12_MUJI_clip_002
717,MUJI/SPACE_12_MUJI_clip_003
718,MUJI/SPACE_12_MUJI_clip_004
719,MUJI/SPACE_12_MUJI_clip_005
720,MUJI/SPACE_12_MUJI_clip_006
721,MUJI/SPACE_12_MUJI_clip_007
722,MUJI/SPACE_12_MUJI_clip_008
723,MUJI/SPACE_12_MUJI_clip_009
724,MUJI/SPACE_12_MUJI_clip_010
725,MUJI/SPACE_12_MUJI_clip_011
726,MUJI/SPACE_12_MUJI_clip_012
727,MUJI/SPACE_12_MUJI_clip_013
728,MUJI/SPACE_12_MUJI_clip_014
729,MUJI/SPACE_12_MUJI_clip_015
730,MUJI/SPACE_12_MUJI_clip_016
731,MUJI/SPACE_12_MUJI_clip_017
732,MUJI/SPACE_12_MUJI_clip_018
733,MUJI/SPACE_12_MUJI_clip_019
734,MUJI/SPACE_12_MUJI_clip_020
735,MUJI/SPACE_12_MUJI_clip_021
736,MUJI/SPACE_12_MUJI_clip_022
737,MUJI/SPACE_12_MUJI_clip_023
738,MUJI/SPACE_12_MUJI_clip_024
739,MUJI/SPACE_12_MUJI_clip_025
740,MUJI/SPACE_12_MUJI_clip_026
741,MUJI/SPACE_12_MUJI_clip_027
742,MUJI/SPACE_12_MUJI_clip_028
743,MUJI/SPACE_12_MUJI_clip_029
744,MUJI/SPACE_12_MUJI_clip_030
745,WABI/SPACE_01_WABI_clip_000
746,WABI/SPACE_01_WABI_clip_001
747,WABI/SPACE_01_WABI_clip_002
748,WABI/SPACE_01_WABI_clip_003
749,WABI/SPACE_01_WABI_clip_004
750,WABI/SPACE_01_WABI_clip_005
751,WABI/SPACE_01_WABI_clip_006
752,WABI/SPACE_01_WABI_clip_007
753,WABI/SPACE_01_WABI_clip_008
754,WABI/SPACE_01_WABI_clip_009
755,WABI/SPACE_01_WABI_clip_010
756,WABI/SPACE_01_WABI_clip_011
757,WABI/SPACE_01_WABI_clip_012
758,WABI/SPACE_01_WABI_clip_013
759,WABI/SPACE_01_WABI_clip_014
760,WABI/SPACE_01_WABI_clip_015
761,WABI/SPACE_01_WABI_clip_016
762,WABI/SPACE_01_WABI_clip_017
763,WABI/SPACE_01_WABI_clip_018
764,WABI/SPACE_01_WABI_clip_019
765,WABI/SPACE_01_WABI_clip_020
766,WABI/SPACE_01_WABI_clip_021
767,WABI/SPACE_01_WABI_clip_022
768,WABI/SPACE_01_WABI_clip_023
769,WABI/SPACE_01_WABI_clip_024
770,WABI/SPACE_01_WABI_clip_025
771,WABI/SPACE_01_WABI_clip_026
772,WABI/SPACE_01_WABI_clip_027
773,WABI/SPACE_01_WABI_clip_028
774,WABI/SPACE_01_WABI_clip_029
775,WABI/SPACE_01_WABI_clip_030
776,WABI/SPACE_02_WABI_clip_000
777,WABI/SPACE_02_WABI_clip_001
778,WABI/SPACE_02_WABI_clip_002
779,WABI/SPACE_02_WABI_clip_003
780,WABI/SPACE_02_WABI_clip_004
781,WABI/SPACE_02_WABI_clip_005
782,WABI/SPACE_02_WABI_clip_006
783,WABI/SPACE_02_WABI_clip_007
784,WABI/SPACE_02_WABI_clip_008
785,WABI/SPACE_02_WABI_clip_009
786,WABI/SPACE_02_WABI_clip_010
787,WABI/SPACE_02_WABI_clip_011
788,WABI/SPACE_02_WABI_clip_012
789,WABI/SPACE_02_WABI_clip_013
790,WABI/SPACE_02_WABI_clip_014
791,WABI/SPACE_02_WABI_clip_015
792,WABI/SPACE_02_WABI_clip_016
793,WABI/SPACE_02_WABI_clip_017
794,WABI/SPACE_02_WABI_clip_018
795,WABI/SPACE_02_WABI_clip_019
796,WABI/SPACE_02_WABI_clip_020
797,WABI/SPACE_02_WABI_clip_021
798,WABI/SPACE_02_WABI_clip_022
799,WABI/SPACE_02_WABI_clip_023
800,WABI/SPACE_02_WABI_clip_024
801,WABI/SPACE_02_WABI_clip_025
802,WABI/SPACE_02_WABI_clip_026
803,WABI/SPACE_02_WABI_clip_027
804,WABI/SPACE_02_WABI_clip_028
805,WABI/SPACE_02_WABI_clip_029
806,WABI/SPACE_02_WABI_clip_030
807,WABI/SPACE_03_WABI_clip_000
808,WABI/SPACE_03_WABI_clip_001
809,WABI/SPACE_03_WABI_clip_002
810,WABI/SPACE_03_WABI_clip_003
811,WABI/SPACE_03_WABI_clip_004
812,WABI/SPACE_03_WABI_clip_005
813,WABI/SPACE_03_WABI_clip_006
814,WABI/SPACE_03_WABI_clip_007
815,WABI/SPACE_03_WABI_clip_008
816,WABI/SPACE_03_WABI_clip_009
817,WABI/SPACE_03_WABI_clip_010
818,WABI/SPACE_03_WABI_clip_011
819,WABI/SPACE_03_WABI_clip_012
820,WABI/SPACE_03_WABI_clip_013
821,WABI/SPACE_03_WABI_clip_014
822,WABI/SPACE_03_WABI_clip_015
823,WABI/SPACE_03_WABI_clip_016
824,WABI/SPACE_03_WABI_clip_017
825,WABI/SPACE_03_WABI_clip_018
826,WABI/SPACE_03_WABI_clip_019
827,WABI/SPACE_03_WABI_clip_020
828,WABI/SPACE_03_WABI_clip_021
829,WABI/SPACE_03_WABI_clip_022
830,WABI/SPACE_03_WABI_clip_023
831,WABI/SPACE_03_WABI_clip_024
832,WABI/SPACE_03_WABI_clip_025
833,WABI/SPACE_03_WABI_clip_026
834,WABI/SPACE_03_WABI_clip_027
835,WABI/SPACE_03_WABI_clip_028
836,WABI/SPACE_03_WABI_clip_029
837,WABI/SPACE_03_WABI_clip_030
838,WABI/SPACE_04_WABI_clip_000
839,WABI/SPACE_04_WABI_clip_001
840,WABI/SPACE_04_WABI_clip_002
841,WABI/SPACE_04_WABI_clip_003
842,WABI/SPACE_04_WABI_clip_004
843,WABI/SPACE_04_WABI_clip_005
844,WABI/SPACE_04_WABI_clip_006
845,WABI/SPACE_04_WABI_clip_007
846,WABI/SPACE_04_WABI_clip_008
847,WABI/SPACE_04_WABI_clip_009
848,WABI/SPACE_04_WABI_clip_010
849,WABI/SPACE_04_WABI_clip_011
850,WABI/SPACE_04_WABI_clip_012
851,WABI/SPACE_04_WABI_clip_013
852,WABI/SPACE_04_WABI_clip_014
853,WABI/SPACE_04_WABI_clip_015
854,WABI/SPACE_04_WABI_clip_016
855,WABI/SPACE_04_WABI_clip_017
856,WABI/SPACE_04_WABI_clip_018
857,WABI/SPACE_04_WABI_clip_019
858,WABI/SPACE_04_WABI_clip_020
859,WABI/SPACE_04_WABI_clip_021
860,WABI/SPACE_04_WABI_clip_022
861,WABI/SPACE_04_WABI_clip_023
862,WABI/SPACE_04_WABI_clip_024
863,WABI/SPACE_04_WABI_clip_025
864,WABI/SPACE_04_WABI_clip_026
865,WABI/SPACE_04_WABI_clip_027
866,WABI/SPACE_04_WABI_clip_028
867,WABI/SPACE_04_WABI_clip_029
868,WABI/SPACE_04_WABI_clip_030
869,WABI/SPACE_05_WABI_clip_000
870,WABI/SPACE_05_WABI_clip_001
871,WABI/SPACE_05_WABI_clip_002
872,WABI/SPACE_05_WABI_clip_003
873,WABI/SPACE_05_WABI_clip_004
874,WABI/SPACE_05_WABI_clip_005
875,WABI/SPACE_05_WABI_clip_006
876,WABI/SPACE_05_WABI_clip_007
877,WABI/SPACE_05_WABI_clip_008
878,WABI/SPACE_05_WABI_clip_009
879,WABI/SPACE_05_WABI_clip_010
880,WABI/SPACE_05_WABI_clip_011
881,WABI/SPACE_05_WABI_clip_012
882,WABI/SPACE_05_WABI_clip_013
883,WABI/SPACE_05_WABI_clip_014
884,WABI/SPACE_05_WABI_clip_015
885,WABI/SPACE_05_WABI_clip_016
886,WABI/SPACE_05_WABI_clip_017
887,WABI/SPACE_05_WABI_clip_018
888,WABI/SPACE_05_WABI_clip_019
889,WABI/SPACE_05_WABI_clip_020
890,WABI/SPACE_05_WABI_clip_021
891,WABI/SPACE_05_WABI_clip_022
892,WABI/SPACE_05_WABI_clip_023
893,WABI/SPACE_05_WABI_clip_024
894,WABI/SPACE_05_WABI_clip_025
895,WABI/SPACE_05_WABI_clip_026
896,WABI/SPACE_05_WABI_clip_027
897,WABI/SPACE_05_WABI_clip_028
898,WABI/SPACE_05_WABI_clip_029
899,WABI/SPACE_05_WABI_clip_030
900,WABI/SPACE_06_WABI_clip_000
901,WABI/SPACE_06_WABI_clip_001
902,WABI/SPACE_06_WABI_clip_002
903,WABI/SPACE_06_WABI_clip_003
904,WABI/SPACE_06_WABI_clip_004
905,WABI/SPACE_06_WABI_clip_005
906,WABI/SPACE_06_WABI_clip_006
907,WABI/SPACE_06_WABI_clip_007
908,WABI/SPACE_06_WABI_clip_008
909,WABI/SPACE_06_WABI_clip_009
910,WABI/SPACE_06_WABI_clip_010
911,WABI/SPACE_06_WABI_clip_011
912,WABI/SPACE_06_WABI_clip_012
913,WABI/SPACE_06_WABI_clip_013
914,WABI/SPACE_06_WABI_clip_014
915,WABI/SPACE_06_WABI_clip_015
916,WABI/SPACE_06_WABI_clip_016
917,WABI/SPACE_06_WABI_clip_017
918,WABI/SPACE_06_WABI_clip_018
919,WABI/SPACE_06_WABI_clip_019
920,WABI/SPACE_06_WABI_clip_020
921,WABI/SPACE_06_WABI_clip_021
922,WABI/SPACE_06_WABI_clip_022
923,WABI/SPACE_06_WABI_clip_023
924,WABI/SPACE_06_WABI_clip_024
925,WABI/SPACE_06_WABI_clip_025
926,WABI/SPACE_06_WABI_clip_026
927,WABI/SPACE_06_WABI_clip_027
928,WABI/SPACE_06_WABI_clip_028
929,WABI/SPACE_06_WABI_clip_029
930,WABI/SPACE_06_WABI_clip_030
931,WABI/SPACE_07_WABI_clip_000
932,WABI/SPACE_07_WABI_clip_001
933,WABI/SPACE_07_WABI_clip_002
934,WABI/SPACE_07_WABI_clip_003
935,WABI/SPACE_07_WABI_clip_004
936,WABI/SPACE_07_WABI_clip_005
937,WABI/SPACE_07_WABI_clip_006
938,WABI/SPACE_07_WABI_clip_007
939,WABI/SPACE_07_WABI_clip_008
940,WABI/SPACE_07_WABI_clip_009
941,WABI/SPACE_07_WABI_clip_010
942,WABI/SPACE_07_WABI_clip_011
943,WABI/SPACE_07_WABI_clip_012
944,WABI/SPACE_07_WABI_clip_013
945,WABI/SPACE_07_WABI_clip_014
946,WABI/SPACE_07_WABI_clip_015
947,WABI/SPACE_07_WABI_clip_016
948,WABI/SPACE_07_WABI_clip_017
949,WABI/SPACE_07_WABI_clip_018
950,WABI/SPACE_07_WABI_clip_019
951,WABI/SPACE_07_WABI_clip_020
952,WABI/SPACE_07_WABI_clip_021
953,WABI/SPACE_07_WABI_clip_022
954,WABI/SPACE_07_WABI_clip_023
955,WABI/SPACE_07_WABI_clip_024
956,WABI/SPACE_07_WABI_clip_025
957,WABI/SPACE_07_WABI_clip_026
958,WABI/SPACE_07_WABI_clip_027
959,WABI/SPACE_07_WABI_clip_028
960,WABI/SPACE_07_WABI_clip_029
961,WABI/SPACE_07_WABI_clip_030
962,WABI/SPACE_08_WABI_clip_000
963,WABI/SPACE_08_WABI_clip_001
964,WABI/SPACE_08_WABI_clip_002
965,WABI/SPACE_08_WABI_clip_003
966,WABI/SPACE_08_WABI_clip_004
967,WABI/SPACE_08_WABI_clip_005
968,WABI/SPACE_08_WABI_clip_006
969,WABI/SPACE_08_WABI_clip_007
970,WABI/SPACE_08_WABI_clip_008
971,WABI/SPACE_08_WABI_clip_009
972,WABI/SPACE_08_WABI_clip_010
973,WABI/SPACE_08_WABI_clip_011
974,WABI/SPACE_08_WABI_clip_012
975,WABI/SPACE_08_WABI_clip_013
976,WABI/SPACE_08_WABI_clip_014
977,WABI/SPACE_08_WABI_clip_015
978,WABI/SPACE_08_WABI_clip_016
979,WABI/SPACE_08_WABI_clip_017
980,WABI/SPACE_08_WABI_clip_018
981,WABI/SPACE_08_WABI_clip_019
982,WABI/SPACE_08_WABI_clip_020
983,WABI/SPACE_08_WABI_clip_021
984,WABI/SPACE_08_WABI_clip_022
985,WABI/SPACE_08_WABI_clip_023
986,WABI/SPACE_08_WABI_clip_024
987,WABI/SPACE_08_WABI_clip_025
988,WABI/SPACE_08_WABI_clip_026
989,WABI/SPACE_08_WABI_clip_027
990,WABI/SPACE_08_WABI_clip_028
991,WABI/SPACE_08_WABI_clip_029
992,WABI/SPACE_08_WABI_clip_030
993,WABI/SPACE_09_WABI_clip_000
994,WABI/SPACE_09_WABI_clip_001
995,WABI/SPACE_09_WABI_clip_002
996,WABI/SPACE_09_WABI_clip_003
997,WABI/SPACE_09_WABI_clip_004
998,WABI/SPACE_09_WABI_clip_005
999,WABI/SPACE_09_WABI_clip_006
1000,WABI/SPACE_09_WABI_clip_007
1001,WABI/SPACE_09_WABI_clip_008
1002,WABI/SPACE_09_WABI_clip_009
1003,WABI/SPACE_09_WABI_clip_010
1004,WABI/SPACE_09_WABI_clip_011
1005,WABI/SPACE_09_WABI_clip_012
1006,WABI/SPACE_09_WABI_clip_013
1007,WABI/SPACE_09_WABI_clip_014
1008,WABI/SPACE_09_WABI_clip_015
1009,WABI/SPACE_09_WABI_clip_016
1010,WABI/SPACE_09_WABI_clip_017
1011,WABI/SPACE_09_WABI_clip_018
1012,WABI/SPACE_09_WABI_clip_019
1013,WABI/SPACE_09_WABI_clip_020
1014,WABI/SPACE_09_WABI_clip_021
1015,WABI/SPACE_09_WABI_clip_022
1016,WABI/SPACE_09_WABI_clip_023
1017,WABI/SPACE_09_WABI_clip_024
1018,WABI/SPACE_09_WABI_clip_025
1019,WABI/SPACE_09_WABI_clip_026
1020,WABI/SPACE_09_WABI_clip_027
1021,WABI/SPACE_09_WABI_clip_028
1022,WABI/SPACE_09_WABI_clip_029
1023,WABI/SPACE_09_WABI_clip_030
1024,WABI/SPACE_10_WABI_clip_000
1025,WABI/SPACE_10_WABI_clip_001
1026,WABI/SPACE_10_WABI_clip_002
1027,WABI/SPACE_10_WABI_clip_003
1028,WABI/SPACE_10_WABI_clip_004
1029,WABI/SPACE_10_WABI_clip_005
1030,WABI/SPACE_10_WABI_clip_006
1031,WABI/SPACE_10_WABI_clip_007
1032,WABI/SPACE_10_WABI_clip_008
1033,WABI/SPACE_10_WABI_clip_009
1034,WABI/SPACE_10_WABI_clip_010
1035,WABI/SPACE_10_WABI_clip_011
1036,WABI/SPACE_10_WABI_clip_012
1037,WABI/SPACE_10_WABI_clip_013
1038,WABI/SPACE_10_WABI_clip_014
1039,WABI/SPACE_10_WABI_clip_015
1040,WABI/SPACE_10_WABI_clip_016
1041,WABI/SPACE_10_WABI_clip_017
1042,WABI/SPACE_10_WABI_clip_018
1043,WABI/SPACE_10_WABI_clip_019
1044,WABI/SPACE_10_WABI_clip_020
1045,WABI/SPACE_10_WABI_clip_021
1046,WABI/SPACE_10_WABI_clip_022
1047,WABI/SPACE_10_WABI_clip_023
1048,WABI/SPACE_10_WABI_clip_024
1049,WABI/SPACE_10_WABI_clip_025
1050,WABI/SPACE_10_WABI_clip_026
1051,WABI/SPACE_10_WABI_clip_027
1052,WABI/SPACE_10_WABI_clip_028
1053,WABI/SPACE_10_WABI_clip_029
1054,WABI/SPACE_10_WABI_clip_030
1055,WABI/SPACE_11_WABI_clip_000
1056,WABI/SPACE_11_WABI_clip_001
1057,WABI/SPACE_11_WABI_clip_002
1058,WABI/SPACE_11_WABI_clip_003
1059,WABI/SPACE_11_WABI_clip_004
1060,WABI/SPACE_11_WABI_clip_005
1061,WABI/SPACE_11_WABI_clip_006
1062,WABI/SPACE_11_WABI_clip_007
1063,WABI/SPACE_11_WABI_clip_008
1064,WABI/SPACE_11_WABI_clip_009
1065,WABI/SPACE_11_WABI_clip_010
1066,WABI/SPACE_11_WABI_clip_011
1067,WABI/SPACE_11_WABI_clip_012
1068,WABI/SPACE_11_WABI_clip_013
1069,WABI/SPACE_11_WABI_clip_014
1070,WABI/SPACE_11_WABI_clip_015
1071,WABI/SPACE_11_WABI_clip_016
1072,WABI/SPACE_11_WABI_clip_017
1073,WABI/SPACE_11_WABI_clip_018
1074,WABI/SPACE_11_WABI_clip_019
1075,WABI/SPACE_11_WABI_clip_020
1076,WABI/SPACE_11_WABI_clip_021
1077,WABI/SPACE_11_WABI_clip_022
1078,WABI/SPACE_11_WABI_clip_023
1079,WABI/SPACE_11_WABI_clip_024
1080,WABI/SPACE_11_WABI_clip_025
1081,WABI/SPACE_11_WABI_clip_026
1082,WABI/SPACE_11_WABI_clip_027
1083,WABI/SPACE_11_WABI_clip_028
1084,WABI/SPACE_11_WABI_clip_029
1085,WABI/SPACE_11_WABI_clip_030
1086,WABI/SPACE_12_WABI_clip_000
1087,WABI/SPACE_12_WABI_clip_001
1088,WABI/SPACE_12_WABI_clip_002
1089,WABI/SPACE_12_WABI_clip_003
1090,WABI/SPACE_12_WABI_clip_004
1091,WABI/SPACE_12_WABI_clip_005
1092,WABI/SPACE_12_WABI_clip_006
1093,WABI/SPACE_12_WABI_clip_007
1094,WABI/SPACE_12_WABI_clip_008
1095,WABI/SPACE_12_WABI_clip_009
1096,WABI/SPACE_12_WABI_clip_010
1097,WABI/SPACE_12_WABI_clip_011
1098,WABI/SPACE_12_WABI_clip_012
1099,WABI/SPACE_12_WABI_clip_013
1100,WABI/SPACE_12_WABI_clip_014
1101,WABI/SPACE_12_WABI_clip_015
1102,WABI/SPACE_12_WABI_clip_016
1103,WABI/SPACE_12_WABI_clip_017
1104,WABI/SPACE_12_WABI_clip_018
1105,WABI/SPACE_12_WABI_clip_019
1106,WABI/SPACE_12_WABI_clip_020
1107,WABI/SPACE_12_WABI_clip_021
1108,WABI/SPACE_12_WABI_clip_022
1109,WABI/SPACE_12_WABI_clip_023
1110,WABI/SPACE_12_WABI_clip_024
1111,WABI/SPACE_12_WABI_clip_025
1112,WABI/SPACE_12_WABI_clip_026
1113,WABI/SPACE_12_WABI_clip_027
1114,WABI/SPACE_12_WABI_clip_028
1115,WABI/SPACE_12_WABI_clip_029
1116,WABI/SPACE_12_WABI_clip_030
1117,SCAN/SPACE_01_SCAN_clip_000
1118,SCAN/SPACE_01_SCAN_clip_001
1119,SCAN/SPACE_01_SCAN_clip_002
1120,SCAN/SPACE_01_SCAN_clip_003
1121,SCAN/SPACE_01_SCAN_clip_004
1122,SCAN/SPACE_01_SCAN_clip_005
1123,SCAN/SPACE_01_SCAN_clip_006
1124,SCAN/SPACE_01_SCAN_clip_007
1125,SCAN/SPACE_01_SCAN_clip_008
1126,SCAN/SPACE_01_SCAN_clip_009
1127,SCAN/SPACE_01_SCAN_clip_010
1128,SCAN/SPACE_01_SCAN_clip_011
1129,SCAN/SPACE_01_SCAN_clip_012
1130,SCAN/SPACE_01_SCAN_clip_013
1131,SCAN/SPACE_01_SCAN_clip_014
1132,SCAN/SPACE_01_SCAN_clip_015
1133,SCAN/SPACE_01_SCAN_clip_016
1134,SCAN/SPACE_01_SCAN_clip_017
1135,SCAN/SPACE_01_SCAN_clip_018
1136,SCAN/SPACE_01_SCAN_clip_019
1137,SCAN/SPACE_01_SCAN_clip_020
1138,SCAN/SPACE_01_SCAN_clip_021
1139,SCAN/SPACE_01_SCAN_clip_022
1140,SCAN/SPACE_01_SCAN_clip_023
1141,SCAN/SPACE_01_SCAN_clip_024
1142,SCAN/SPACE_01_SCAN_clip_025
1143,SCAN/SPACE_01_SCAN_clip_026
1144,SCAN/SPACE_01_SCAN_clip_027
1145,SCAN/SPACE_01_SCAN_clip_028
1146,SCAN/SPACE_01_SCAN_clip_029
1147,SCAN/SPACE_01_SCAN_clip_030
1148,SCAN/SPACE_02_SCAN_clip_000
1149,SCAN/SPACE_02_SCAN_clip_001
1150,SCAN/SPACE_02_SCAN_clip_002
1151,SCAN/SPACE_02_SCAN_clip_003
1152,SCAN/SPACE_02_SCAN_clip_004
1153,SCAN/SPACE_02_SCAN_clip_005
1154,SCAN/SPACE_02_SCAN_clip_006
1155,SCAN/SPACE_02_SCAN_clip_007
1156,SCAN/SPACE_02_SCAN_clip_008
1157,SCAN/SPACE_02_SCAN_clip_009
1158,SCAN/SPACE_02_SCAN_clip_010
1159,SCAN/SPACE_02_SCAN_clip_011
1160,SCAN/SPACE_02_SCAN_clip_012
1161,SCAN/SPACE_02_SCAN_clip_013
1162,SCAN/SPACE_02_SCAN_clip_014
1163,SCAN/SPACE_02_SCAN_clip_015
1164,SCAN/SPACE_02_SCAN_clip_016
1165,SCAN/SPACE_02_SCAN_clip_017
1166,SCAN/SPACE_02_SCAN_clip_018
1167,SCAN/SPACE_02_SCAN_clip_019
1168,SCAN/SPACE_02_SCAN_clip_020
1169,SCAN/SPACE_02_SCAN_clip_021
1170,SCAN/SPACE_02_SCAN_clip_022
1171,SCAN/SPACE_02_SCAN_clip_023
1172,SCAN/SPACE_02_SCAN_clip_024
1173,SCAN/SPACE_02_SCAN_clip_025
1174,SCAN/SPACE_02_SCAN_clip_026
1175,SCAN/SPACE_02_SCAN_clip_027
1176,SCAN/SPACE_02_SCAN_clip_028
1177,SCAN/SPACE_02_SCAN_clip_029
1178,SCAN/SPACE_02_SCAN_clip_030
1179,SCAN/SPACE_03_SCAN_clip_000
1180,SCAN/SPACE_03_SCAN_clip_001
1181,SCAN/SPACE_03_SCAN_clip_002
1182,SCAN/SPACE_03_SCAN_clip_003
1183,SCAN/SPACE_03_SCAN_clip_004
1184,SCAN/SPACE_03_SCAN_clip_005
1185,SCAN/SPACE_03_SCAN_clip_006
1186,SCAN/SPACE_03_SCAN_clip_007
1187,SCAN/SPACE_03_SCAN_clip_008
1188,SCAN/SPACE_03_SCAN_clip_009
1189,SCAN/SPACE_03_SCAN_clip_010
1190,SCAN/SPACE_03_SCAN_clip_011
1191,SCAN/SPACE_03_SCAN_clip_012
1192,SCAN/SPACE_03_SCAN_clip_013
1193,SCAN/SPACE_03_SCAN_clip_014
1194,SCAN/SPACE_03_SCAN_clip_015
1195,SCAN/SPACE_03_SCAN_clip_016
1196,SCAN/SPACE_03_SCAN_clip_017
1197,SCAN/SPACE_03_SCAN_clip_018
1198,SCAN/SPACE_03_SCAN_clip_019
1199,SCAN/SPACE_03_SCAN_clip_020
1200,SCAN/SPACE_03_SCAN_clip_021
1201,SCAN/SPACE_03_SCAN_clip_022
1202,SCAN/SPACE_03_SCAN_clip_023
1203,SCAN/SPACE_03_SCAN_clip_024
1204,SCAN/SPACE_03_SCAN_clip_025
1205,SCAN/SPACE_03_SCAN_clip_026
1206,SCAN/SPACE_03_SCAN_clip_027
1207,SCAN/SPACE_03_SCAN_clip_028
1208,SCAN/SPACE_03_SCAN_clip_029
1209,SCAN/SPACE_03_SCAN_clip_030
1210,SCAN/SPACE_04_SCAN_clip_000
1211,SCAN/SPACE_04_SCAN_clip_001
1212,SCAN/SPACE_04_SCAN_clip_002
1213,SCAN/SPACE_04_SCAN_clip_003
1214,SCAN/SPACE_04_SCAN_clip_004
1215,SCAN/SPACE_04_SCAN_clip_005
1216,SCAN/SPACE_04_SCAN_clip_006
1217,SCAN/SPACE_04_SCAN_clip_007
1218,SCAN/SPACE_04_SCAN_clip_008
1219,SCAN/SPACE_04_SCAN_clip_009
1220,SCAN/SPACE_04_SCAN_clip_010
1221,SCAN/SPACE_04_SCAN_clip_011
1222,SCAN/SPACE_04_SCAN_clip_012
1223,SCAN/SPACE_04_SCAN_clip_013
1224,SCAN/SPACE_04_SCAN_clip_014
1225,SCAN/SPACE_04_SCAN_clip_015
1226,SCAN/SPACE_04_SCAN_clip_016
1227,SCAN/SPACE_04_SCAN_clip_017
1228,SCAN/SPACE_04_SCAN_clip_018
1229,SCAN/SPACE_04_SCAN_clip_019
1230,SCAN/SPACE_04_SCAN_clip_020
1231,SCAN/SPACE_04_SCAN_clip_021
1232,SCAN/SPACE_04_SCAN_clip_022
1233,SCAN/SPACE_04_SCAN_clip_023
1234,SCAN/SPACE_04_SCAN_clip_024
1235,SCAN/SPACE_04_SCAN_clip_025
1236,SCAN/SPACE_04_SCAN_clip_026
1237,SCAN/SPACE_04_SCAN_clip_027
1238,SCAN/SPACE_04_SCAN_clip_028
1239,SCAN/SPACE_04_SCAN_clip_029
1240,SCAN/SPACE_04_SCAN_clip_030
1241,SCAN/SPACE_05_SCAN_clip_000
1242,SCAN/SPACE_05_SCAN_clip_001
1243,SCAN/SPACE_05_SCAN_clip_002
1244,SCAN/SPACE_05_SCAN_clip_003
1245,SCAN/SPACE_05_SCAN_clip_004
1246,SCAN/SPACE_05_SCAN_clip_005
1247,SCAN/SPACE_05_SCAN_clip_006
1248,SCAN/SPACE_05_SCAN_clip_007
1249,SCAN/SPACE_05_SCAN_clip_008
1250,SCAN/SPACE_05_SCAN_clip_009
1251,SCAN/SPACE_05_SCAN_clip_010
1252,SCAN/SPACE_05_SCAN_clip_011
1253,SCAN/SPACE_05_SCAN_clip_012
1254,SCAN/SPACE_05_SCAN_clip_013
1255,SCAN/SPACE_05_SCAN_clip_014
1256,SCAN/SPACE_05_SCAN_clip_015
1257,SCAN/SPACE_05_SCAN_clip_016
1258,SCAN/SPACE_05_SCAN_clip_017
1259,SCAN/SPACE_05_SCAN_clip_018
1260,SCAN/SPACE_05_SCAN_clip_019
1261,SCAN/SPACE_05_SCAN_clip_020
1262,SCAN/SPACE_05_SCAN_clip_021
1263,SCAN/SPACE_05_SCAN_clip_022
1264,SCAN/SPACE_05_SCAN_clip_023
1265,SCAN/SPACE_05_SCAN_clip_024
1266,SCAN/SPACE_05_SCAN_clip_025
1267,SCAN/SPACE_05_SCAN_clip_026
1268,SCAN/SPACE_05_SCAN_clip_027
1269,SCAN/SPACE_05_SCAN_clip_028
1270,SCAN/SPACE_05_SCAN_clip_029
1271,SCAN/SPACE_05_SCAN_clip_030
1272,SCAN/SPACE_06_SCAN_clip_000
1273,SCAN/SPACE_06_SCAN_clip_001
1274,SCAN/SPACE_06_SCAN_clip_002
1275,SCAN/SPACE_06_SCAN_clip_003
1276,SCAN/SPACE_06_SCAN_clip_004
1277,SCAN/SPACE_06_SCAN_clip_005
1278,SCAN/SPACE_06_SCAN_clip_006
1279,SCAN/SPACE_06_SCAN_clip_007
1280,SCAN/SPACE_06_SCAN_clip_008
1281,SCAN/SPACE_06_SCAN_clip_009
1282,SCAN/SPACE_06_SCAN_clip_010
1283,SCAN/SPACE_06_SCAN_clip_011
1284,SCAN/SPACE_06_SCAN_clip_012
1285,SCAN/SPACE_06_SCAN_clip_013
1286,SCAN/SPACE_06_SCAN_clip_014
1287,SCAN/SPACE_06_SCAN_clip_015
1288,SCAN/SPACE_06_SCAN_clip_016
1289,SCAN/SPACE_06_SCAN_clip_017
1290,SCAN/SPACE_06_SCAN_clip_018
1291,SCAN/SPACE_06_SCAN_clip_019
1292,SCAN/SPACE_06_SCAN_clip_020
1293,SCAN/SPACE_06_SCAN_clip_021
1294,SCAN/SPACE_06_SCAN_clip_022
1295,SCAN/SPACE_06_SCAN_clip_023
1296,SCAN/SPACE_06_SCAN_clip_024
1297,SCAN/SPACE_06_SCAN_clip_025
1298,SCAN/SPACE_06_SCAN_clip_026
1299,SCAN/SPACE_06_SCAN_clip_027
1300,SCAN/SPACE_06_SCAN_clip_028
1301,SCAN/SPACE_06_SCAN_clip_029
1302,SCAN/SPACE_06_SCAN_clip_030
1303,SCAN/SPACE_07_SCAN_clip_000
1304,SCAN/SPACE_07_SCAN_clip_001
1305,SCAN/SPACE_07_SCAN_clip_002
1306,SCAN/SPACE_07_SCAN_clip_003
1307,SCAN/SPACE_07_SCAN_clip_004
1308,SCAN/SPACE_07_SCAN_clip_005
1309,SCAN/SPACE_07_SCAN_clip_006
1310,SCAN/SPACE_07_SCAN_clip_007
1311,SCAN/SPACE_07_SCAN_clip_008
1312,SCAN/SPACE_07_SCAN_clip_009
1313,SCAN/SPACE_07_SCAN_clip_010
1314,SCAN/SPACE_07_SCAN_clip_011
1315,SCAN/SPACE_07_SCAN_clip_012
1316,SCAN/SPACE_07_SCAN_clip_013
1317,SCAN/SPACE_07_SCAN_clip_014
1318,SCAN/SPACE_07_SCAN_clip_015
1319,SCAN/SPACE_07_SCAN_clip_016
1320,SCAN/SPACE_07_SCAN_clip_017
1321,SCAN/SPACE_07_SCAN_clip_018
1322,SCAN/SPACE_07_SCAN_clip_019
1323,SCAN/SPACE_07_SCAN_clip_020
1324,SCAN/SPACE_07_SCAN_clip_021
1325,SCAN/SPACE_07_SCAN_clip_022
1326,SCAN/SPACE_07_SCAN_clip_023
1327,SCAN/SPACE_07_SCAN_clip_024
1328,SCAN/SPACE_07_SCAN_clip_025
1329,SCAN/SPACE_07_SCAN_clip_026
1330,SCAN/SPACE_07_SCAN_clip_027
1331,SCAN/SPACE_07_SCAN_clip_028
1332,SCAN/SPACE_07_SCAN_clip_029
1333,SCAN/SPACE_07_SCAN_clip_030
1334,SCAN/SPACE_08_SCAN_clip_000
1335,SCAN/SPACE_08_SCAN_clip_001
1336,SCAN/SPACE_08_SCAN_clip_002
1337,SCAN/SPACE_08_SCAN_clip_003
1338,SCAN/SPACE_08_SCAN_clip_004
1339,SCAN/SPACE_08_SCAN_clip_005
1340,SCAN/SPACE_08_SCAN_clip_006
1341,SCAN/SPACE_08_SCAN_clip_007
1342,SCAN/SPACE_08_SCAN_clip_008
1343,SCAN/SPACE_08_SCAN_clip_009
1344,SCAN/SPACE_08_SCAN_clip_010
1345,SCAN/SPACE_08_SCAN_clip_011
1346,SCAN/SPACE_08_SCAN_clip_012
1347,SCAN/SPACE_08_SCAN_clip_013
1348,SCAN/SPACE_08_SCAN_clip_014
1349,SCAN/SPACE_08_SCAN_clip_015
1350,SCAN/SPACE_08_SCAN_clip_016
1351,SCAN/SPACE_08_SCAN_clip_017
1352,SCAN/SPACE_08_SCAN_clip_018
1353,SCAN/SPACE_08_SCAN_clip_019
1354,SCAN/SPACE_08_SCAN_clip_020
1355,SCAN/SPACE_08_SCAN_clip_021
1356,SCAN/SPACE_08_SCAN_clip_022
1357,SCAN/SPACE_08_SCAN_clip_023
1358,SCAN/SPACE_08_SCAN_clip_024
1359,SCAN/SPACE_08_SCAN_clip_025
1360,SCAN/SPACE_08_SCAN_clip_026
1361,SCAN/SPACE_08_SCAN_clip_027
1362,SCAN/SPACE_08_SCAN_clip_028
1363,SCAN/SPACE_08_SCAN_clip_029
1364,SCAN/SPACE_08_SCAN_clip_030
1365,SCAN/SPACE_09_SCAN_clip_000
1366,SCAN/SPACE_09_SCAN_clip_001
1367,SCAN/SPACE_09_SCAN_clip_002
1368,SCAN/SPACE_09_SCAN_clip_003
1369,SCAN/SPACE_09_SCAN_clip_004
1370,SCAN/SPACE_09_SCAN_clip_005
1371,SCAN/SPACE_09_SCAN_clip_006
1372,SCAN/SPACE_09_SCAN_clip_007
1373,SCAN/SPACE_09_SCAN_clip_008
1374,SCAN/SPACE_09_SCAN_clip_009
1375,SCAN/SPACE_09_SCAN_clip_010
1376,SCAN/SPACE_09_SCAN_clip_011
1377,SCAN/SPACE_09_SCAN_clip_012
1378,SCAN/SPACE_09_SCAN_clip_013
1379,SCAN/SPACE_09_SCAN_clip_014
1380,SCAN/SPACE_09_SCAN_clip_015
1381,SCAN/SPACE_09_SCAN_clip_016
1382,SCAN/SPACE_09_SCAN_clip_017
1383,SCAN/SPACE_09_SCAN_clip_018
1384,SCAN/SPACE_09_SCAN_clip_019
1385,SCAN/SPACE_09_SCAN_clip_020
1386,SCAN/SPACE_09_SCAN_clip_021
1387,SCAN/SPACE_09_SCAN_clip_022
1388,SCAN/SPACE_09_SCAN_clip_023
1389,SCAN/SPACE_09_SCAN_clip_024
1390,SCAN/SPACE_09_SCAN_clip_025
1391,SCAN/SPACE_09_SCAN_clip_026
1392,SCAN/SPACE_09_SCAN_clip_027
1393,SCAN/SPACE_09_SCAN_clip_028
1394,SCAN/SPACE_09_SCAN_clip_029
1395,SCAN/SPACE_09_SCAN_clip_030
1396,SCAN/SPACE_10_SCAN_clip_000
1397,SCAN/SPACE_10_SCAN_clip_001
1398,SCAN/SPACE_10_SCAN_clip_002
1399,SCAN/SPACE_10_SCAN_clip_003
1400,SCAN/SPACE_10_SCAN_clip_004
1401,SCAN/SPACE_10_SCAN_clip_005
1402,SCAN/SPACE_10_SCAN_clip_006
1403,SCAN/SPACE_10_SCAN_clip_007
1404,SCAN/SPACE_10_SCAN_clip_008
1405,SCAN/SPACE_10_SCAN_clip_009
1406,SCAN/SPACE_10_SCAN_clip_010
1407,SCAN/SPACE_10_SCAN_clip_011
1408,SCAN/SPACE_10_SCAN_clip_012
1409,SCAN/SPACE_10_SCAN_clip_013
1410,SCAN/SPACE_10_SCAN_clip_014
1411,SCAN/SPACE_10_SCAN_clip_015
1412,SCAN/SPACE_10_SCAN_clip_016
1413,SCAN/SPACE_10_SCAN_clip_017
1414,SCAN/SPACE_10_SCAN_clip_018
1415,SCAN/SPACE_10_SCAN_clip_019
1416,SCAN/SPACE_10_SCAN_clip_020
1417,SCAN/SPACE_10_SCAN_clip_021
1418,SCAN/SPACE_10_SCAN_clip_022
1419,SCAN/SPACE_10_SCAN_clip_023
1420,SCAN/SPACE_10_SCAN_clip_024
1421,SCAN/SPACE_10_SCAN_clip_025
1422,SCAN/SPACE_10_SCAN_clip_026
1423,SCAN/SPACE_10_SCAN_clip_027
1424,SCAN/SPACE_10_SCAN_clip_028
1425,SCAN/SPACE_10_SCAN_clip_029
1426,SCAN/SPACE_10_SCAN_clip_030
1427,SCAN/SPACE_11_SCAN_clip_000
1428,SCAN/SPACE_11_SCAN_clip_001
1429,SCAN/SPACE_11_SCAN_clip_002
1430,SCAN/SPACE_11_SCAN_clip_003
1431,SCAN/SPACE_11_SCAN_clip_004
1432,SCAN/SPACE_11_SCAN_clip_005
1433,SCAN/SPACE_11_SCAN_clip_006
1434,SCAN/SPACE_11_SCAN_clip_007
1435,SCAN/SPACE_11_SCAN_clip_008
1436,SCAN/SPACE_11_SCAN_clip_009
1437,SCAN/SPACE_11_SCAN_clip_010
1438,SCAN/SPACE_11_SCAN_clip_011
1439,SCAN/SPACE_11_SCAN_clip_012
1440,SCAN/SPACE_11_SCAN_clip_013
1441,SCAN/SPACE_11_SCAN_clip_014
1442,SCAN/SPACE_11_SCAN_clip_015
1443,SCAN/SPACE_11_SCAN_clip_016
1444,SCAN/SPACE_11_SCAN_clip_017
1445,SCAN/SPACE_11_SCAN_clip_018
1446,SCAN/SPACE_11_SCAN_clip_019
1447,SCAN/SPACE_11_SCAN_clip_020
1448,SCAN/SPACE_11_SCAN_clip_021
1449,SCAN/SPACE_11_SCAN_clip_022
1450,SCAN/SPACE_11_SCAN_clip_023
1451,SCAN/SPACE_11_SCAN_clip_024
1452,SCAN/SPACE_11_SCAN_clip_025
1453,SCAN/SPACE_11_SCAN_clip_026
1454,SCAN/SPACE_11_SCAN_clip_027
1455,SCAN/SPACE_11_SCAN_clip_028
1456,SCAN/SPACE_11_SCAN_clip_029
1457,SCAN/SPACE_11_SCAN_clip_030
1458,SCAN/SPACE_12_SCAN_clip_000
1459,SCAN/SPACE_12_SCAN_clip_001
1460,SCAN/SPACE_12_SCAN_clip_002
1461,SCAN/SPACE_12_SCAN_clip_003
1462,SCAN/SPACE_12_SCAN_clip_004
1463,SCAN/SPACE_12_SCAN_clip_005
1464,SCAN/SPACE_12_SCAN_clip_006
1465,SCAN/SPACE_12_SCAN_clip_007
1466,SCAN/SPACE_12_SCAN_clip_008
1467,SCAN/SPACE_12_SCAN_clip_009
1468,SCAN/SPACE_12_SCAN_clip_010
1469,SCAN/SPACE_12_SCAN_clip_011
1470,SCAN/SPACE_12_SCAN_clip_012
1471,SCAN/SPACE_12_SCAN_clip_013
1472,SCAN/SPACE_12_SCAN_clip_014
1473,SCAN/SPACE_12_SCAN_clip_015
1474,SCAN/SPACE_12_SCAN_clip_016
1475,SCAN/SPACE_12_SCAN_clip_017
1476,SCAN/SPACE_12_SCAN_clip_018
1477,SCAN/SPACE_12_SCAN_clip_019
1478,SCAN/SPACE_12_SCAN_clip_020
1479,SCAN/SPACE_12_SCAN_clip_021
1480,SCAN/SPACE_12_SCAN_clip_022
1481,SCAN/SPACE_12_SCAN_clip_023
1482,SCAN/SPACE_12_SCAN_clip_024
1483,SCAN/SPACE_12_SCAN_clip_025
1484,SCAN/SPACE_12_SCAN_clip_026
1485,SCAN/SPACE_12_SCAN_clip_027
1486,SCAN/SPACE_12_SCAN_clip_028
1487,SCAN/SPACE_12_SCAN_clip_029
1488,SCAN/SPACE_12_SCAN_clip_030
