Video ID,Video Name and Directory
1,Anger/20.Stage2.Anger
2,Anger/3016071331_3b030f98ae_700
3,Anger/3245211604_22edb1f862_700
4,Anger/3670715153_1d97988213_700
5,Anger/3884685651_da46368052_700
6,Anger/3885479290_fb2e6d52fb_700
7,Anger/4333854808_c2f4f384b9_700
8,Anger/5223985491_8bc17a6c2b_700
9,Anger/5398817861_aab3f3ccc3_700
10,Anger/5705678747_946d56b9ca_700
11,Anger/5986004191_47ec419eb5_700
12,Anger/6654894581_72dabc67bd_700
13,Anger/7480040448_9c08fedc0c_700
14,Anger/9195508205_360p
15,Anger/ANGRYGARBAGEMANRAGES_
16,Anger/ANGRYGRANDPAGETSKICKEDOUTOFCICI;SPIZZA.
17,"Anger/AnambraElectio_AngryWomenDareJega,ProtestAtINECOff"
18,Anger/AngryWomanvsBike
19,Anger/AngrymangoesnutsatWendy_sdrivethru
20,Anger/EXTREMELYANGRYSHEPARD
21,Anger/ExtremelyAngryCustomeratMcDonalds-Veryfunny
22,"Anger/Funny,AngryPeople"
23,Anger/IHAVEANGERISSUES
24,Anger/KillmyPC
25,Anger/OfficeRage3
26,Anger/OfficeStress-AirConditioning
27,Anger/OfficeStress-Elevator
28,Anger/OfficeStress-Madness
29,Anger/OfficeStress-MobilePhone-1
30,Anger/OfficeStress-MobilePhone
31,Anger/OfficeStress-Photocopying
32,Anger/PEOPLEWHOFAILATBEINGANGRY
33,Anger/TigerWoodsAngerProblems
34,Anger/WOWAngerManagementFAIL
35,Anger/angrypeoplecompilation
36,Anger/videogameanger
37,Anger/10AnnoyingThingsCarPassengersDo[Part1]
38,Anger/10AnnoyingThingsCarPassengersDo[Part2]
39,Anger/4943361730_c12eb71df1_700
40,Anger/5WaysToAnnoyYourMother
41,Anger/5WaystoAnnoyYourTeacher
42,Anger/Annoyance101
43,Anger/AnnoyanceTest
44,Anger/Annoying
45,Anger/AnnoyingDevil-BallsOfSteel
46,Anger/AnnoyingHabitsPart2
47,Anger/AnnoyingPeopleonAirplanes
48,Anger/BeatboxAnnoyance
49,Anger/BoxofANNOYANCE
50,Anger/DDSPublicAnnoyance
51,Anger/HOWTOANNOYGIRLS
52,Anger/HowToAnnoyATelemarketer
53,Anger/HowToAnnoyYourColleagues
54,Anger/HowtoAnnoyPeopleinanElevator
55,Anger/HowtoAnnoySomeoneaLot
56,Anger/HowtoAnnoyYourFriends
57,Anger/Howtoannoyyourroommate
58,Anger/Howtoannoyyourroommate__(SoFunny)
59,Anger/Insaneannoyance
60,Anger/PublicAnnoyance
61,Anger/PublicAnnoyancePart1
62,Anger/PublicAnnoyance[TheWolfPack]
63,Anger/Publicannoyance[Pranks]-Ennuipublic[Blagues]LaCapsule
64,Anger/SuperAnnoyingRussianPart2
65,Anger/TheAnnoyanceTest
66,Anger/TheNaranja-Annoyance
67,Anger/Themostannoyingmanontheplanet-
68,Anger/annoyance-bunkbed
69,Anger/copycatofTheAnnoyance(epoddle)
70,Anger/2968179635_c24b5c723a_700
71,Anger/3093008706_97381d4539_700
72,Anger/3838697081_e52ce4c0c5_700
73,Anger/4035227760_c78abfbe30_700
74,Anger/4333854807_c6f45213ab_700
75,Anger/4680584478_80e29ee9e7_700
76,Anger/5070589015_38312e1972_700
77,Anger/5170938595_d0bf5e924f_700
78,Anger/5396919831_a585bc92f2_700
79,Anger/EpicRageTime-TheIncredibleDerp(Feat.GreyDeLisle)-AlligatorTub
80,"Anger/ExtremeRoadRage-CrazyDriverCrashes,Smashes,andLeaves"
81,Anger/HowToStopRussianRoadRage(July2013)
82,Anger/JamaicanRoadRage-@TRABASS_TV
83,Anger/McNuggetRageFAIL
84,Anger/NERDRAGE--(YourFavoriteMartianmusicvideo)
85,Anger/RAGEQUIT--HappyWheels
86,Anger/Rage
87,Anger/RageComicsInRealLife
88,Anger/RoadRageBikerStyle
89,Anger/RoadRageCompilation1
90,Anger/RoadRageCompilation10
91,Anger/RoadRageCompilation12
92,Anger/RoadRageCompilation20
93,Anger/RoadRageCompilation22
94,Anger/RoadRageCompilation3
95,Anger/RoadRageCompilation6
96,Anger/RoadRageCompilation7
97,Anger/RoadRageSgtofMarinesOriginalUnedited-YouTube
98,Anger/RussianRoadRageAndRoadFightCompilation-
99,Anger/RussianRoadRageCompilation2013
100,Anger/ToyotavsPorsche[RoadRage]2013
101,"Anger/railrageblondewomanspitting,swearingandhittingotherpassengers"
102,Anticipation/07Anticipation_
103,Anticipation/2399348905_2540b721ec_700
104,Anticipation/2618315379_7508333caf_700
105,Anticipation/2971486855_6cba6b189e_700
106,Anticipation/3117769338_f98845cfa4_700
107,Anticipation/4107329694_55cd265504_700
108,Anticipation/4257537595_5f8fab24fa_700
109,Anticipation/4836710948_3437200552_700
110,Anticipation/5411300236_81d555c4d7_700-1
111,Anticipation/60ANTICIPATION
112,Anticipation/6204124882_a40b25dc6a_700
113,Anticipation/9107045211_360p
114,Anticipation/AbrahamHicks~BeHappyinAnticipationofWhatisComing
115,Anticipation/AnticipatingApple_sNewTablet
116,Anticipation/AnticipatingHumanActivitiesforReactiveRoboticResponses
117,Anticipation/AnticipatingRamadan
118,Anticipation/Anticipation-1
119,Anticipation/Anticipation-2
120,Anticipation/Anticipation-CreativeHongKong2013
121,Anticipation/Anticipation
122,Anticipation/AnticipationNadin
123,Anticipation/AnticipationVs.NoAnticipation
124,Anticipation/Anticipation_
125,Anticipation/Anticipation_SlotsatHorseshoeCasinos
126,Anticipation/AudrasHugAnticipatingTomorrow_sHug
127,Anticipation/Babyanticipatingadrink
128,Anticipation/BerguzarKorel-Feride^AnticipationofLove.wmv
129,Anticipation/CamelotNationalLottery_Anticipation_byJohnAltman
130,Anticipation/DatingExpectationsVsReality
131,Anticipation/EnglishMastiff-WestgortAnticipation
132,Anticipation/Funny_CuteDoganticipatingThanksgivingdinner.
133,Anticipation/Gymnastics_ExpectationVSReality
134,Anticipation/Gymnastics_ExpectationVsReality-1
135,Anticipation/Harlowanticipatingmynextmove
136,Anticipation/MomentofAnticipationatCraps-AdforHorseshoeCasinos
137,Anticipation/RileyanticipatingmeetingGoofyforthefirsttimeatDisne
138,Anticipation/Sometimes_the_anticipation_is_just_as_funny
139,Anticipation/Thethreeamigosanticipatingpresents
140,"Anticipation/Thor,Whitey,Tino,Keiko_Anticipatingtheopeningofthec"
141,"Anticipation/Waiting,anticipation"
142,Anticipation/WeddingAnticipationI
143,Anticipation/WilkAnticipation
144,Anticipation/classicHeinzKetchupAnticipationTVad1979
145,Anticipation/reactionandanticipation
146,Anticipation/2418977930_79b94906e8_700
147,Anticipation/2425693269_c9180aa4bd_700
148,Anticipation/2438109848_cca5f5fcbd_700
149,Anticipation/2640176162_9f0ac518ed_700
150,Anticipation/2912382030_2d211548b4_700
151,Anticipation/3117221300_3db12592b6_700
152,Anticipation/3902306963_2169611bea_700
153,Anticipation/4507079793_b1db515180_700
154,Anticipation/5109465668_f19ef5a2e8_700
155,Anticipation/5109512990_355c65943b_700
156,Anticipation/5109523688_b91308ac1d_700
157,Anticipation/5183200695_961f43a087_700
158,Anticipation/5328405693_e4eac20764_700
159,Anticipation/5349674438_befe39a9a9_700
160,Anticipation/5745699770_a48dafba4f_700
161,Anticipation/5835861879_9358de94f6_700
162,Anticipation/5969551541_416ff6b617_700
163,Anticipation/6609192441_3d7bc21319_700
164,Anticipation/8081427542__700
165,Anticipation/8223779028__700
166,Anticipation/8408685483_d953ce7e2e_700
167,Anticipation/BodyLanguage-IndicatorsofInterest
168,Anticipation/DogTraining_HowtogetyourdoginterestedinFrisbee
169,Anticipation/GettingGirlsInterestedinEngineeringandScience
170,Anticipation/INTEREST-YouTube
171,Anticipation/InstantIceCreamRollsByStreetVendorInPhuketThailand
172,Anticipation/IsraelChristianInterestTour-Day2
173,Anticipation/MOSTINTERESTINGMANINREALLIFE__
174,Anticipation/MyVeryInterestingRideHome
175,Anticipation/ObjectofInterest_CheesePowder
176,Anticipation/PublicInterestDesign
177,Anticipation/QuiAwkwardHumanInterest
178,Anticipation/2968201685_9e885fd145_700
179,Anticipation/3009731204_5f875deaea_700
180,Anticipation/3234385489_d823ab86e0_700
181,Anticipation/3679460633_9ffd12d25a_700
182,Anticipation/4836636700_dcbea9f284_700
183,Anticipation/5205012406__700
184,Anticipation/5montholdPresaCanariopuppyshowinghisalertnesswhenn
185,Anticipation/6646728069_d487b8c48a_700
186,Anticipation/8033743349__700
187,Anticipation/8485402793_e019df9118_700
188,Anticipation/ALERTNESS
189,Anticipation/AirsoftTinCity2woodpileoperationvigilance
190,Anticipation/Alertness1
191,Anticipation/AsianMalePhotographerdetainedbyVigilanceCommitteeatLondonDemo
192,Anticipation/INTRUDERALERT_
193,Anticipation/OperationVigilanceVIII-YouTube
194,Anticipation/Operation_Vigilance
195,Anticipation/Prventionroutire-Testdevigilance
196,Anticipation/PuppySeries_Alertness
197,Anticipation/SkyrimBattles-BranandSceolangvsVigilanceandMeeko[MasterSettings]
198,Anticipation/VIGILANCE-ShortActionScene
199,Anticipation/VIGILANCEByHannahandAshley.avi
200,Anticipation/Vigilance(Teaser)
201,Anticipation/Vigilance
202,Anticipation/squerrel_alertnesslevel.
203,Disgust/2404356030_207d95a14e_700
204,Disgust/2919246884_98d36ac5f8_700
205,Disgust/3066020031_3ce96234c4_700
206,Disgust/3306368807_1509cf7f6f_700
207,Disgust/3532316619_a4d47b7cc7_700
208,Disgust/3609202912_5eab9f2496_700
209,Disgust/3953221143_d18299e918_700
210,Disgust/3966851509_0ffa7ebd90_700
211,Disgust/4143645693_6866f5c016_700
212,Disgust/4180623806_89c7413f8d_700
213,Disgust/4246968797_2fd3f9eea8_700
214,Disgust/4321792116_dbac38ea64_700
215,Disgust/4371127645_0af0c4fb7c_700
216,Disgust/4543396108_c6da4e7eda_700
217,Disgust/4997016067__700
218,Disgust/5350022454_206f8e16ed_700
219,Disgust/5720439630_3fe2deffa7_700
220,Disgust/5762574190_9bc4053087_700
221,Disgust/5807878261_a71540494e_700
222,Disgust/5860630435_3b5cb02726_700
223,Disgust/6854711997_e9d7404824_700
224,Disgust/6973240238_2273917d90_700
225,Disgust/6987110310_363986cfb7_700
226,Disgust/8033850403_5935269e3c_700
227,Disgust/8033915557_19da673e6a_700
228,Disgust/8375706913_eca3b48232_700
229,Disgust/8456907348_9bd335605b_700
230,Disgust/8487234004_02edf423e5_700
231,Disgust/8500896275__700
232,Disgust/8542817784_384649fb2b_700
233,Disgust/8668854471_418934a172_700
234,Disgust/8742527500_6be8d43db7_700
235,Disgust/8846136543_360p
236,Disgust/BoredomStrikesbyRanzKyle
237,Disgust/BoredomTimeWithWilliam
238,Disgust/BoredominTheTrotsky
239,Disgust/DogDazeofBoredom
240,Disgust/Eddsworld-EddstalesofBoredom
241,Disgust/JavascriptBoredom
242,Disgust/OfficeBoredom
243,Disgust/TheResultofBoredom
244,Disgust/TheResultsofBoredom
245,Disgust/2596226689_22aa39c57b_700
246,Disgust/2851645510_baec8ccdbf_700
247,Disgust/2981550573_8b24b44bc7_700
248,Disgust/3103679365_96d92f84f1_700
249,Disgust/3140028696_61751af256_700
250,Disgust/3445444507_c5d9169496_700
251,Disgust/3506996706_377d4914f9_700
252,Disgust/3507081106_538c93085a_700
253,Disgust/3599453183_f1ab2a0e67_700
254,Disgust/3608878449_54e798c6af_700
255,Disgust/3752250931_a679f7e5bf_700
256,Disgust/3810752392_7d40b72326_700
257,Disgust/3877252014_2c137a4607_700
258,Disgust/3893922213_b79dcb7a6c_700
259,Disgust/3924611110_f8e3ed706d_700
260,Disgust/4038029278_516bd42086_700
261,Disgust/4039266670_7a909f945f_700
262,Disgust/4141320308_19ebba53bc_700
263,Disgust/4171634246_16a359f2d6_700
264,Disgust/4176074461_1b7e781261_700
265,Disgust/4176361214_a31a3e917f_700
266,Disgust/4236603540_ac7d6e1d3d_700
267,Disgust/4302388758_18b476568a_700
268,Disgust/4314352639_0520eb25d6_700
269,Disgust/4345451083_9c8b1151af_700
270,Disgust/4351780295_48732ee79e_700
271,Disgust/4470417216_e4837ce562_700
272,Disgust/4484662743_bf3bfb757e_700
273,Disgust/4536637600_14de1ac3a2_700
274,Disgust/4547092552_bd430f7256_700
275,Disgust/4601659380_4ca0334b6f_700
276,Disgust/4615373637_fd5436a9a0_700
277,Disgust/4653815988_6c3fa68727_700
278,Disgust/4678060195_d4b0b79355_700
279,Disgust/4696478434_687b041613_700
280,Disgust/4755182933_5eabc0117f_700
281,Disgust/4788089183_df1e1d0420_700
282,Disgust/4893097364_fe42f38ffd_700
283,Disgust/4914193677_63df054423_700
284,Disgust/4921786756_b51b280265_700
285,Disgust/5038117109_85396cf87e_700
286,Disgust/5077064217_6ff58dc91a_700
287,Disgust/5151903238_dd04283f53_700
288,Disgust/5450068962_b7cdb7277b_700
289,Disgust/5615023013_c6cbde24c5_700
290,Disgust/5615023395_108e2aa18a_700
291,Disgust/5648447666__700
292,Disgust/5735354925_df3bfc4613_700
293,Disgust/6182878936_ae87f9b4eb_700
294,Disgust/6192844705_0c12d8688a_700
295,Disgust/6498163905_b3f6f3e17d_700
296,Disgust/6508368055_516a59d827_700
297,Disgust/6799290420_15af9b645f_700
298,Disgust/6894837248__700
299,Disgust/6904597383_f7a7e348a2_700
300,Disgust/6904684913_8b4bfe3c9f_700
301,Disgust/7313181788_37b535f2a4_700
302,Disgust/7524944920_d9de36eba6_700
303,Disgust/7713194174_74693c14c5_700
304,Disgust/8110954739_a97f9d682f_700
305,Disgust/8216001868_aa529646b9_700
306,Disgust/8485642549_1ee39a4047_700
307,Disgust/8485667637_810ea2a023_700
308,Disgust/HowToDisgustYourDaughter
309,Disgust/3527012618_7ceb8fb27b_700
310,Disgust/3871817135_b4e8058c35_700
311,Disgust/4173454267_75fecfee44_700
312,Disgust/5058930112_655c8f6c43_700
313,Disgust/FearAndLoathingInLasVegasTheFlamingoHotelRoom
314,Disgust/FearandLoathinginLasVegas(6-10)MovieCLIP-WhiteRabbit(1998)HD
315,Disgust/FearandLoathinginLasVegas-IncredibleKicksinaPublicRestroom
316,Disgust/WhatisthisFeeling(Loathing)-Wicked-talentshow.wmv
317,Disgust/[Vinesauce]CY-30FlightsofLoathing
318,"Fear/11.01.09-SuspectApprehension,LehighRiver-Whitehall,PA"
319,Fear/2007USPCANationals-CriminalApprehensionwithGunfire
320,Fear/2008USPCANationals-Criminalapprehension
321,Fear/ApprehensionTeaserTrailer
322,Fear/Apprehensionof27spottedbytheTexasBorderVolunteers-YouTube
323,Fear/CDCRFugitiveApprehensionTeam
324,Fear/FelonApprehension
325,Fear/JacksonK9-ApprehensionDemonstration
326,"Fear/K9Pia-PoliceK9PatrolTraining,BuildingSearch,SuspectApprehension,etc."
327,Fear/PoliceSWATcanineapprehension
328,Fear/QueenStMallSiegeBrisbane-Apprehension-End-8March2013-Non-lethalweapon.
329,Fear/SonitrolAssistedApprehension
330,Fear/2401057123_70554079f7_700
331,Fear/2401062419_6c83b36feb_700
332,Fear/2401125362_eaabea9770_700
333,Fear/2439120395_92bc803045_700
334,Fear/2734974155_0f2eefb136_700
335,Fear/2735671834_38335519f1_700
336,Fear/2738826214_5942075863_700
337,Fear/3114323439_98c5f04dcc_700
338,Fear/3184219846_3fec689d18_700
339,Fear/3312701667_35d5c9a936_700
340,Fear/3316461178_6bc0669db3_700
341,Fear/3400405238_13ba7df69c_700
342,Fear/3478248879_177c71e6dd_700
343,Fear/3501259368_6d0375028d_700
344,Fear/3527012618_7ceb8fb27b_700
345,Fear/3574618142_308a60e3c0_700
346,Fear/3642313278_d838f855d8_700
347,Fear/3704857845_21f1810b6a_700
348,Fear/3742078856_f27453c82d_700
349,Fear/3754689494_accda4185d_700
350,Fear/3965353129_c5d58cf4b1_700
351,Fear/3970894689_b5a20e8898_700
352,Fear/3976963938_884827dd6a_700
353,Fear/4096045576_0557347b66_700
354,Fear/4226318918_08bd3e7e84_700
355,Fear/4260287596__700
356,Fear/4299010314_11f31efa0c_700
357,Fear/4342439242_27b473ec1c_700
358,Fear/4529192221_2b57e3f272_700
359,Fear/4599847220_ff1719b818_700
360,Fear/4696738617_11af2b47e0_700
361,Fear/4887305428_e4ba637749_700
362,Fear/4966907713_17727f65e4_700
363,Fear/5111653779_856b2f9397_700
364,Fear/5147474307_38424b1f40_700
365,Fear/5148266826_bf32094f19_700
366,Fear/5155873165_13357b4d9e_700
367,Fear/5175120766_5d8b6b34bf_700
368,Fear/5181761158_fd5765ff41_700
369,Fear/5199236836_83a33685f5_700
370,Fear/5351217394_25cf38fdff_700
371,Fear/5450196253_7079e03d45_700
372,Fear/5464833998_f05c419b1a_700
373,Fear/5487862058_fb165899a3_700
374,Fear/5637703294_1565a0a1e4_700
375,Fear/5645908102_9e648286bd_700
376,Fear/5657712788_ba39acb6e3_700
377,Fear/5797503791_bbae95dc45_700
378,Fear/5957645876_18d00d0c73_700
379,Fear/5986130768_2b5b295658_700
380,Fear/6047171348_f3577a5ee5_700
381,Fear/6162939949_c5d31d1108_700
382,Fear/6175190911_70429343b0_700
383,Fear/7100020557_2ce88139eb_700
384,Fear/7248369958_ae27f7758a_700
385,Fear/7248383908_405454fb61_700
386,Fear/7248657200_11b2cb2967_700
387,Fear/7248666256_68a050f554_700
388,Fear/7261182522_cb42e5ea9d_700
389,Fear/7277637214_25f89cb84e_700
390,Fear/8123611893_2c56b58632_700
391,Fear/8391941371_8f88251cdf_700
392,Fear/8536889155_d01fc3a277_700
393,Fear/8536965345_835c1966de_700
394,Fear/8536982923_187d73cc15_700
395,Fear/8538118912_0e8edc55c4_700
396,Fear/8814003455_360p
397,Fear/9089563440_360p
398,Fear/9096480184_360p
399,Fear/BannedFearFactorChallenge
400,Fear/CAPEFEAR-Trailer-HQ-(1991)
401,Fear/ChappelleShow-TyroneBiggumsFearFactorFULLUNCENSORED
402,Fear/FearFactorActionTurkey2013
403,Fear/FearFactorAksiyon4
404,Fear/FearFactorMoments-TheConfidenceChamber
405,Fear/FearFactorwomanHEADSHAVE
406,Fear/KillerKaraoke-WalkofFear
407,Fear/KillerKaraoke-WalkofFear2
408,Fear/fearfactorcontestantseatingroachesandgrasshoppers
409,Fear/2013DisneysTwilightZoneTowerofTerror-
410,Fear/2400533643_42b4677a49_700
411,Fear/2401021188_38d4114a26_700
412,Fear/2421576400_8aece21822_700
413,Fear/2427726436_15bcb1851c_700
414,Fear/2439120392_92bc812453_700
415,Fear/2827447133_cbed5d8a72_700
416,Fear/2929520045_712fb82a3b_700
417,Fear/3070344023_80fa8b437c_700
418,Fear/3633562305_5867790ce7_700
419,Fear/3680449216_b7a4e264dd_700
420,Fear/3884355926_dbac359bbe_700
421,Fear/3926960556_edce80ecd1_700
422,Fear/3992842335_ea65f3678f_700
423,Fear/4063707541_3487fc21c7_700
424,Fear/4140925908_9df2d0c615_700
425,Fear/4175131753_4408b1dc7a_700
426,Fear/4220139531_907a224a95_700
427,Fear/4242589687_51883af762_700
428,Fear/4341315928__700
429,Fear/4777203972_39c4f95f20_700
430,Fear/4890936364_3598161591_700-1
431,Fear/4890936364_3598161591_700
432,Fear/4950936693__700
433,Fear/4974264158_64a3c05755_700
434,Fear/4977658553__700
435,Fear/5066993057_5eaf8e4137_700
436,Fear/5112766984_d0e2f7fec2_700
437,Fear/5162116340_947b21f50a_700
438,Fear/5171108953__700
439,Fear/5964705241_101c9c9448_700
440,Fear/7978025274_e210c3f542_700
441,Fear/7978029604_a874f478de_700
442,Fear/7978031139_e2035fa239_700
443,Fear/7978035375_34812a1fa0_700
444,Fear/7978036110_826a9006c3_700
445,Fear/7978036191_deb6992999_700
446,Fear/7987125705__700
447,Fear/8074718573_ea5fac252b_700
448,Fear/8160830424_6f789562fb_700-1
449,Fear/8160830424_6f789562fb_700
450,Fear/8252331882_d50f7b77c0_700
451,Fear/8582123215__700
452,Fear/8638238738_8d2a8ca043_700
453,Fear/8662822546__700
454,Fear/8666145583_a2ef2f86f8_700
455,Fear/8749622857_76a687e2ee_700
456,Fear/9080822456_360p
457,Fear/9252957655_288p
458,Fear/9281767007_360p
459,Fear/9400887363_360p
460,Fear/9401273553_360p
461,Fear/9627467351_360p
462,Fear/9656309814_360p
463,Fear/9687498189_360p
464,Fear/BromaPesadaTerrorenPublico-aparicionMujerZombieNew2013-
465,Fear/DJSkinheadExtremeTerror
466,Fear/DUBSTEPDANCE-LOSTRIXMETIENDOTERROR
467,Fear/Double(SilentTerror)
468,Fear/Grey-UMANOVAHISTRIADETERROR-Parte1
469,Fear/HDPOV-TowerofTerrorRide-FullRide-Through-DisneyCaliforniaAdventure
470,Fear/KarenBlack1975TrilogyofTerrorAmeliaScene
471,Fear/LaGalaxiadelTerror-Dameia
472,Fear/LacasadeAramberri(Incluyevideo)
473,Fear/MyRuin-Terror
474,Fear/NIGHTTERROR-AHorrorFilmbySawyerHartman
475,Fear/NightTerror
476,Fear/PlanetTerror(2007)OfficialTrailer1-RoseMcGowanMovieHD
477,Fear/RubiksCubeTerror
478,Fear/ScoobyDooonZombieIsland-ItsTerrorTimeAgain[FULLSONGW-LYRICS]
479,Fear/TerrorTowers(1994)-Part1
480,Fear/TerrorTrain[CollectorsEdition]-Trailer
481,Fear/TerrorTram(NightVision)HalloweenHorrorNights2012UniversalStudiosHollywood
482,Fear/TerrorofMechagodzilla-GodzillasAppearance
483,Fear/TesticleAddictionInPlanetTerror
484,Fear/TwilightZoneTowerofTerroratDisneysHollywoodStudiosWaltDisneyWorld-HDThrillSeeker
485,Joy/2512743407_59935afbc4_700
486,Joy/2785375098_4b26dc7b44_700
487,Joy/2866447038_2bec905654_700
488,Joy/3179674559_4733b067c7_700
489,Joy/3352403345_a5290d0d84_700
490,Joy/3353226604_a0c44dba77_700
491,Joy/3353227128_61f1b82b41_700
492,Joy/4118301805__700
493,Joy/4256721396_536f358309_700
494,Joy/4424602685_df3aaa4a22_700
495,Joy/4536141116_ee3f281c57_700
496,Joy/4985079873_449acb02a7_700
497,Joy/4985681576_f694b20c03_700
498,Joy/4985706518_260e255443_700
499,Joy/4986789128_6e1fd3632e_700
500,Joy/5236030630__700
501,Joy/5725286673_c71c75fd4b_700
502,Joy/5731126352_2ea5918a42_700
503,Joy/5903984978_34151ef04e_700
504,Joy/5991740608_9d3f601edf_700
505,Joy/6097928157_18c471a0f7_700
506,Joy/8241915229_f97e1aa324_700
507,Joy/8430543133_f10179e851_700
508,Joy/2539210075_dd0e6e8b61_700
509,Joy/2581898161_7ff5982855_700
510,Joy/2843578695_8621291525_700
511,Joy/2883213075_5f8423ecc3_700
512,Joy/3065334800_4426c11232_700
513,Joy/3141112053_a85c15dcf9_700
514,Joy/3195454975_8db98a728c_700
515,Joy/3327064367_f6e5028575_700
516,Joy/3349545954_0ffc50759c_700
517,Joy/3364610538_c811b0e3b9_700
518,Joy/3377744890_3ef3ae307a_700
519,Joy/3393135111_69410fa6dd_700
520,Joy/3425224924_d035019821_700
521,Joy/3450436791_51f2a7df8e_700
522,Joy/3478060215_93328510d3_700
523,Joy/3498868274_e280671e10_700
524,Joy/3564917643_a399362a3b_700
525,Joy/3627274147_d9d6c254b5_700
526,Joy/3731969832_7677631c6b_700
527,Joy/3762635206_af047c39c9_700
528,Joy/3834060150_e6bab0aa65_700
529,Joy/3870736595_b052691a75_700
530,Joy/3871541576_22cbcda30d_700
531,Joy/3970745340_9e73412563_700
532,Joy/3KinderJoySurpriseEggsMonstersUniversityUnboxing-MonstersToyReview
533,Joy/4179968864__700
534,Joy/4309619650_7fe0d2a288_700
535,Joy/4367217114_17e2ef80d8_700
536,Joy/4408175714_c428c1901b_700
537,Joy/4475020220_98c13f39b8_700
538,Joy/4530137478_79581c0eda_700
539,Joy/4596818556_e298df1c93_700
540,Joy/4599486245__700
541,Joy/4626010747_d0599b86a2_700
542,Joy/4671746740_9e1a278467_700
543,Joy/4731877752__700
544,Joy/4821466405_060f6ddfcc_700
545,Joy/5240914381_e87637978e_700
546,Joy/5339712270_1976aa0f05_700
547,Joy/5457145295_1a2b9bc44f_700
548,Joy/5805981028_5d8c861cd5_700
549,Joy/5896053887__700
550,Joy/5942845894_68cec94af0_700
551,Joy/6005674380_c3fc1d613d_700
552,Joy/6926340588_1fc598cc26_700
553,Joy/7227208420_86a7443d06_700
554,Joy/8051446807_d512a71e8d_700
555,Joy/8099252149_6c86ca024d_700
556,Joy/9218115465_288p
557,Joy/9276370767_360p
558,Joy/AbigailJoysingsOvercomer
559,Joy/AstroBurgerJoyBombwithAijia-
560,Joy/BMW.JumpforJoy.Part2
561,Joy/BMWJOY3D-Asias1stInteractive3DBuildingProjection
562,Joy/CatSlapJoyDivision-YouTube
563,Joy/CroatianEUcelebration-MIDNIGHT01-07-OdeToJoy
564,Joy/ElevatorJoyBomb-
565,Joy/FOXNEWS-NewestJoyFitClubmembershed130pounds-
566,Joy/FlashmobFlashMob-OdeandieFreude(OdetoJoy)BeethovenSymphonyNo.9classicalmusic
567,Joy/FrancisChan-HowToExperienceJoy
568,Joy/HouseofJoyPremieresJuly18th-10pmET
569,"Joy/JoyBeharLeavingTheView-BigMoments-BillOReillyWalkOff,ObamaShadesofGreyQuestion"
570,Joy/JoyBombwithAijiaBehindtheScenes-EyeoftheTiger
571,Joy/JumpForJoy-TheJacksons
572,Joy/KinderJoyvsKinderSurprise
573,Joy/KinderJoyvsKinderSurpriseRound2
574,Joy/KinectJoyRide-E32010-OfficialGameplayTrailer-HD
575,Joy/MeredithVieiraonJoysLastShow-TheView
576,Joy/Numfardanceofjoyandhonor
577,"Joy/OhJoyStudio,BeforeandAfter"
578,Joy/RenandStimpy-HappyHappyJoyJoy
579,Joy/SnapYourJoy
580,Joy/SoyezPrêtPourLe17Mai-HelloJoy
581,Joy/SpreadJoybyMikeStrickland
582,Joy/TheShirellesandLittleRichard-JoyJoyJoy
583,Joy/Wow-Wow-Wubbzy-MusicVideo-GiftOfJoy
584,Joy/2408934108_2778a99aa2_700
585,Joy/2451180125_c55f406a6a_700
586,Joy/2530164692_92b173b683_700
587,Joy/2553263951_89bef52891_700
588,Joy/3178039584_fb01c86276_700
589,Joy/3410472973_56cc4fedb7_700
590,Joy/3469317578_67e6062275_700
591,Joy/3469319820_e2831e0438_700
592,Joy/3822714595_cf24d9a74b_700
593,Joy/3880978833_661d2dc9ca_700
594,Joy/3884315410_bed12c310d_700
595,Joy/3935375787_b56879cd08_700
596,Joy/4412242367_1a54ab8481_700
597,Joy/4589451273_44ceb7f4cc_700
598,Joy/4671784283_fe528300a1_700
599,Joy/4835713550_d96fcc1c65_700
600,Joy/4842806757_2081ba9f19_700
601,Joy/4925021871_1cbd7d4846_700
602,Joy/4977292474__700
603,Joy/5055832662_2e0830b143_700
604,Joy/5231311881_d4e52f6544_700
605,Joy/5243664236_aed05c4496_700
606,Joy/5311616184_40270d351a_700
607,Joy/5339448689_a8ec638255_700
608,Joy/5559008571_f537260b09_700
609,Joy/5587311785_03fa53cebe_700
610,Joy/5587328883_bf0dbd6a05_700
611,Joy/5590188089_03f3dcea85_700
612,Joy/5590269647_b13930a079_700
613,Joy/5631082840_d7a44e408f_700
614,Joy/5679727163_e7fe468f4d_700
615,Joy/5763215384_6e9463c4e8_700
616,Joy/5870136829__700
617,Joy/5878242664_045ef0f869_700
618,Joy/5887797327_a35c1368f7_700
619,Joy/5890985905_01a34c633b_700
620,Joy/6115018991_f02ea30f8f_700
621,Joy/6115095903_3c8d573058_700
622,Joy/6115495036_204503fb23_700
623,Joy/6115817763_22f30c4846_700
624,Joy/6116303104_9e3b2f2a37_700
625,Joy/6116325970_b536f77477_700
626,Joy/6116344052_e716180994_700
627,Joy/6116659866_bd4b20f097_700
628,Joy/6116733224_4386624363_700
629,Joy/6407899965_0f64846f46_700
630,Joy/7067087597_0024e71f89_700
631,Joy/7457811120_95a9dfa62a_700
632,Joy/8242258743_59a5b1bbf6_700
633,Joy/8406686865_221d71a0fd_700
634,Joy/8519946741_5579b3009a_700
635,Joy/8524328020__700
636,Joy/8544957548_09c9062fed_700
637,Joy/8725145655_84a9be3140_700
638,Joy/8795666181_360p
639,Joy/8805950778_360p
640,Joy/8806464138_360p
641,Joy/8806594976_360p
642,Joy/8806663124_360p
643,Joy/9240254664_360p
644,Joy/9510440760_360p
645,Joy/AdultSwimBump-TheresSerenitySomewhere
646,Joy/Fracx-Serenity
647,Joy/Godsmack-Serenity(Faceless)HD-YouTube
648,"Joy/HomeforsaleinStonebridgeEstates-Serenity-14596WhisperingRidge,SanDiego,CA92131"
649,Joy/LisaGerrard-Serenity
650,"Joy/OlaGjeilo-Serenity,OMagnumMysterium(ThePhoenixChorale)"
651,Joy/PlayStationHomeSerenityPlazaFreeStuff
652,Joy/RushWest-Serenity
653,Joy/ScenesofSerenity-WildWestAmericana
654,Joy/Serenity(OriginalMix)-SoundApparel
655,Joy/SerenityAcresTreatmentCenter
656,"Joy/SerenityFunCity,Egipt,Hurghada"
657,Joy/SerenityFunCityMakadiBayTeil1
658,Joy/SerenityFunCityMakadiBayTeil2
659,Joy/SerenityPrayerandthePowerofOne-IndiaArie-YouTube
660,Joy/SuburbanSerenity-SuperSimmer
661,Joy/TheSmithFamily-SerenityBlue
662,Joy/Vargo-GetBackToSerenity(BeachMix)
663,Joy/[Chillstep]Killigrew-SenseofSerenity
664,Joy/zero-project-Touchofserenity(HD1080)
665,Sadness/148-RoxassGrief-[AllCutscenes-NoSubs]KingdomHearts3D[DreamDropDistance]
666,Sadness/2591552392_7398405c35_700
667,Sadness/3018575959_3bc6f67b5a_700
668,Sadness/3173028607_705e292dc4_700
669,Sadness/4221817343_cbdb0a9d49_700
670,Sadness/4587413153_cdf9d30587_700
671,Sadness/4883981213_97e88ae520_700
672,Sadness/4942662477_33f4dbbf17_700
673,Sadness/5098820979_de1c1be7fd_700
674,Sadness/5490921284_2fc5cbfab8_700
675,Sadness/5StagesofGraduationGrief
676,Sadness/5StagesofGrief
677,Sadness/6169046179_840207c056_700
678,Sadness/6800857590_59d50dacbd_700
679,Sadness/8008682399__700
680,Sadness/8157878205__700
681,Sadness/8595136500_0fef273626_700
682,Sadness/9179396338_360p
683,Sadness/COMPLICATEDGRIEF
684,Sadness/ChildrenandGriefFilmTrailer
685,Sadness/DepressedJack
686,Sadness/Elephantsgrieving-BBCwildlife-YouTube
687,Sadness/Gorillaexpresshergriefatthedeathofthecatwaslivingwithher
688,Sadness/HarvestofGrief-trailorforadocuonPunjab
689,Sadness/SeeArtTherapyWorkshop-ACelebrationofGrief
690,Sadness/TheManyFacesofGrief_Loss
691,"Sadness/ThroughaLensDarkly-Grief,LossandC.S.Lewis"
692,Sadness/3101016578_e33a3d7c1b_700
693,Sadness/5291973924_88f3189c0f_700
694,Sadness/5578910240_131d8c9691_700
695,Sadness/6818413169_8b7c1f257b_700
696,Sadness/8101495313_c31a9f092e_700
697,Sadness/LostforYou(Original)
698,Sadness/PensiveCat
699,Sadness/PensiveMemories
700,Sadness/Pensiveleathersmoke
701,Sadness/TheLearWorld-Pensiveness
702,Sadness/WORRY
703,Sadness/2408738479_dc2d14250f_700
704,Sadness/2448072134_c3f98a8f93_700
705,Sadness/2871456435_b8bf0a8c14_700
706,Sadness/3144060573_671445e007_700
707,Sadness/3173028598_832c27d017_700
708,Sadness/3320504516_7e863bc25d_700
709,Sadness/3482668364_a87cb5e388_700
710,Sadness/3643427992_d3fa35c08f_700
711,Sadness/3786478321_e8985f75dc_700
712,Sadness/3852235072_b0ded01b30_700
713,Sadness/4164935695_55437d597f_700
714,Sadness/4323608876_47295f7d6d_700
715,Sadness/4332702868_9d65309388_700
716,Sadness/4433362429_8267a42930_700
717,Sadness/4454167796_a0935f294d_700
718,Sadness/4536626477_20beefe39b_700
719,Sadness/4585675458_a2b65f9e24_700
720,Sadness/4862166579_5f6b64f37e_700
721,Sadness/4975932868_6fcb7268da_700
722,Sadness/5039420241__700
723,Sadness/5239104527__700
724,Sadness/5271732899_811408f005_700
725,Sadness/5618686717_0275d5ca13_700
726,Sadness/6079470697_5c2c1bd436_700
727,Sadness/6096159731_a40eb572a2_700
728,Sadness/6136193505__700
729,Sadness/6169046099_700
730,Sadness/6176068645_519d0d8af1_700
731,Sadness/6240219958_6d2c8e98ea_700
732,Sadness/6346608598_0fc4cb7407_700
733,Sadness/6438386639__700
734,Sadness/6526875583_28943f84c9_700
735,Sadness/6872352459_56fa4b8fec_700
736,Sadness/6958990712_06877af5a1_700
737,Sadness/6967174326_424a9ce920_700
738,Sadness/7193034154_7883544e6c_700
739,Sadness/8145636748_089deb8bb9_700
740,Sadness/8183148172_4a36ab07cd_700
741,Sadness/8496729408__700
742,Sadness/8506127692_02d876130e_700
743,Sadness/8507105334_1db3e1c1df_700
744,Sadness/8588550059_9a20fc9457_700
745,Sadness/8790754351_360p
746,Sadness/ArtaxdiesintheSwampofSadness(Complete)
747,Sadness/Cryinggirlissadcousewashingdishes
748,Sadness/Cyanide___Happiness_-_Sad_Larry
749,Sadness/DanceMomsCryMontage-SadMontage
750,Sadness/HelloSadness-LosCampesinos-
751,Sadness/Inspirational-TryToWatchWithoutCrying90PeopleCry
752,Sadness/Mecryingtoacat
753,Sadness/Men_In_Black_3_-_Sad_Moment
754,Sadness/MilitaryTribute(Sad)
755,Sadness/Moby-WaitForMe[HD]
756,Sadness/One_Direction_Sad_Moments_2013__(
757,Sadness/PixarsUpplusDeadIsland=EpicSadness-YouTube
758,Sadness/SADDESTVIDEOEVERMADE(SoSaduwillcryuntiluhavenom
759,Sadness/Sad_Story_about_Father_s_Love_(Silence_of_Love)-_Thai_Health
760,Sadness/Sadgirlcryingaftermomdies
761,Sadness/SummertimeSadness-Multifandom-YouTube
762,Sadness/_MoreThanSad_TeenDepression_
763,Sadness/_Sadness_-CryingActorsSupercut[HD]
764,Sadness/babycryingsosad
765,Sadness/sadOldmanarecryingforlosinghiscamel
766,Surprise/2010amazementsquare3_12
767,Surprise/3230037881_eb43a6823d_700
768,Surprise/3237354719_08eb29ba83_700
769,Surprise/3319620085_385f9d5bc4_700
770,Surprise/5166855203_03c51b332f_700
771,Surprise/52LocalSecrets-Amazement
772,Surprise/5629941862_8df04e8f0d_700
773,Surprise/8389150046_248c8d0a6a_700
774,Surprise/AMAZEMENTOFPEOPLE-
775,Surprise/AMAZINGBAKETBALLSHOTS--AMAZEMENTpark
776,Surprise/AdasAmazement
777,Surprise/Amazement-02-24-13MianaandDavid
778,Surprise/AmazementAwaits-MayaAngelou
779,Surprise/AmazementProductionsattheNorthwestEventShow
780,Surprise/AmazementSquare-English
781,Surprise/AmazementSquare033
782,"Surprise/AmazementfamilyfunatYarramalongValley,CentralCoast"
783,Surprise/AustraliansGazeInAmazementAtFirstTotalEclipseOfTheSunIn1300YearsInThatRegion
784,Surprise/BeatboxGirl--AmazementPark
785,Surprise/BubbleRings--AmazementPark
786,Surprise/CrazyWhistling--AmazementPark
787,Surprise/FaceofAmazement-TheTrainPassing
788,Surprise/FastestWaterBottleDrinker--AmazementPark
789,Surprise/FireWhips--AmazementPark
790,Surprise/Frisbee--AmazementPark
791,Surprise/TheAmazementofNature
792,Surprise/TheScienceOfAmazementExcelerol
793,"Surprise/Thisismylife,fulloffun,amazement,anddanger-"
794,Surprise/UpsideDownJuggling--AmazementPark
795,Surprise/3562338363_ac6601414b_700
796,Surprise/3962100561_e2a9464596_700
797,Surprise/3972408017_930c4f0e2b_700
798,Surprise/4158441352_433657d8c4_700
799,Surprise/4389120979_21ec762c97_700
800,Surprise/4389890430_a2109a9690_700
801,Surprise/5056500981_9c5308df57_700
802,Surprise/5176644432_777c6cce40_700
803,Surprise/5282210770_d6143d121f_700
804,Surprise/5305281581_b0670f4a0c_700
805,Surprise/5388113592__700
806,Surprise/5795581914_1e7ee25bc7_700
807,Surprise/9021496526_360p
808,Surprise/9123513729_700
809,Surprise/CNNDistraction-Bestof2012
810,Surprise/CNNDistraction-Dogforgetstojump
811,Surprise/CNNDistraction-Familyofduckstriestocrosshighway
812,Surprise/CNNDistraction-Firstdebate-Allthoseinterruptions
813,Surprise/CNNDistraction-Sealholdshandswithdiver
814,Surprise/CNNDistraction-Watchkittenandpuppycuddling
815,Surprise/DanandPhilAlbumChartDistractionChallenge(SummerEdition)
816,Surprise/DanandPhilChartShowDistraction18-08-2013FacePaint
817,Surprise/DanandPhilICECUBEDISTRACTIONonTheOfficialChart
818,Surprise/Distraction-Babyelephantmakesasplashatthezoo
819,Surprise/Distraction-Babysleepseatingchicken
820,Surprise/Distraction-Birddrivescustombuggy
821,Surprise/Distraction-Bubblefootball
822,Surprise/Distraction-Catandowlbecomefriends
823,Surprise/Distraction-Catgetsdizzychasingtoy
824,Surprise/Distraction-Catgivesbabytonguebath
825,Surprise/Distraction-Catjogsontreadmill
826,Surprise/Distraction-Catmeowsinwater
827,Surprise/Distraction-Catvs.printingpaper
828,Surprise/Distraction-Corgipleadstobepetted
829,Surprise/Distraction-DogREALLYhatesbathtime
830,Surprise/Distraction-Dogattemptsdaringescape
831,Surprise/Distraction-Dogsplaytetherball
832,Surprise/Distraction-Dogvs.babyduck
833,Surprise/Distraction-Dogyellsatowners
834,Surprise/Distraction-EpicbackyardSlipnSlide
835,Surprise/Distraction-ExtremeRubiksCube
836,Surprise/Distraction-Giantdogwontgetoffbed
837,Surprise/Distraction-Girlapesbabygorilla
838,Surprise/Distraction-Grandpaisagamer
839,Surprise/Distraction-Kidcaughtsprinklefaced
840,Surprise/Distraction-Kittyincan
841,Surprise/Distraction-Laughingkookaburra
842,Surprise/Distraction-LindsayEllisandDougWalker
843,Surprise/Distraction-Magiciansneezeshisheadoff
844,Surprise/Distraction-Mochasfirstreflection
845,Surprise/Distraction-Penguinscaredtojump
846,Surprise/Distraction-Pinwheelofdogs
847,Surprise/Distraction-Raccoongoesnightfishing
848,Surprise/Distraction-Slowloriseatsariceball
849,Surprise/Distraction-Thatsahugeduck-
850,Surprise/Distraction-Tigercubplayswithdog
851,Surprise/DistractionBabygirlturnstablesondad...-YouTube
852,Surprise/DistractionTickling[m-f]
853,Surprise/Onedistractionisallittakes.
854,Surprise/TheLionKing3D-CreatingaDistraction-OfficialDisneyMovieClip
855,Surprise/1991PuppySurpriseCommercial
856,Surprise/1stmonthsarysurpriseformygirlfriend
857,Surprise/2430749925_726fa9a4a3_700
858,Surprise/2488181156_f33911e52e_700
859,Surprise/2571688117_4effd8413d_700
860,Surprise/2685148785_24bb3fe7ac_700
861,Surprise/2800513656_25998387c1_700
862,Surprise/2895218663_5f3f266c53_700
863,Surprise/2916493282_24bc6a9f67_700
864,Surprise/2934707135_b7d4c7f2f4_700
865,Surprise/3099765643_6858869d4e_700
866,Surprise/3282999464_0b8b398d50_700
867,Surprise/3302403534_cd2eca536c_700
868,Surprise/3397831629_58aa9d8091_700
869,Surprise/3408617328_071f35d65d_700
870,Surprise/3413344202_cfea644734_700
871,Surprise/3433862287_ea131f2dea_700
872,Surprise/3460924131_d69c7332f8_700
873,Surprise/3499264540_ae9297e101_700
874,Surprise/3504461487_fcc0a88de9_700
875,Surprise/3516993975_e23c414caa_700
876,Surprise/3530683509_13c4ffb92a_700
877,Surprise/3546535699_2c69616266_700
878,Surprise/3577301133_6f14248c9f_700
879,Surprise/3647926084_c0e9b2227c_700
880,Surprise/3684055415_155be76417_700
881,Surprise/3703668659_8745ca2b68_700
882,Surprise/3773862608_a39ed4ea34_700
883,Surprise/3853940262_5de0379951_700
884,Surprise/4048812686_8bf8815d30_700
885,Surprise/4069793349__700
886,Surprise/4077338276_b532fa9708_700
887,Surprise/4093692999_ddd4075a4b_700
888,Surprise/4117013840__700
889,Surprise/4130180240_fa24f71272_700
890,Surprise/4137753408_d31ffea0a0_700
891,Surprise/4236742287_44f1de723b_700
892,Surprise/4319035754_560a8926f1_700
893,Surprise/4342968598_5e178522ee_700
894,Surprise/4358273623_3b39a98afd_700
895,Surprise/4358999986_80d9e11338_700
896,Surprise/4359008112_8f9468b3a8_700
897,Surprise/4414926170_ba7b650178_700
898,Surprise/4422975929_3737c715a5_700
899,Surprise/4448103368_dc2fd69bfc_700
900,Surprise/4511721201_68ba7aaeee_700
901,Surprise/4566679090_17b0dff1dc_700
902,Surprise/4572493839_a770231c20_700
903,Surprise/4813937550_1df5de01c8_700
904,Surprise/4916182028_a1cd48c8d6_700
905,Surprise/5070355249_6a50271eca_700
906,Surprise/5258638370_2297833cc9_700
907,Surprise/5307373124_b0559e5efe_700
908,Surprise/5307379010_4628470872_700
909,Surprise/5345334848_c3f12ab91c_700
910,Surprise/5495410561_c717bf71c0_700
911,Surprise/5609118702_1b6b21d702_700
912,Surprise/5644162150_46d5e17cf8_700
913,Surprise/5652391639_18a6ecb50f_700
914,Surprise/5690021821_05e5ce6e59_700
915,Surprise/5718048516_c566d5fe6e_700
916,Surprise/5836954350_48252ce094_700
917,Surprise/5901388971_70e1b4f6eb_700
918,Surprise/6311038786_973ddd8c1d_700
919,Surprise/6316299532_55bb02f809_700
920,Surprise/6456331343_e20840304a_700
921,Surprise/6811084619_e014c7e81d_700
922,Surprise/6988110534_7a797cc88e_700
923,Surprise/7097929937_74723113eb_700
924,Surprise/7452863260_e110717b5a_700
925,Surprise/7954086304_7d02040255_700
926,Surprise/7954418984__700
927,Surprise/8117015563_68ddb976bc_700
928,Surprise/8348011936_ef5642a973_700
929,Surprise/8627501239_ba339079ca_700
930,Surprise/8647292458_a3a0d942c4_700
931,Surprise/8DisneyCarsHOLIDAYEDITIONEasterEggsLightningMcQueenSallyKinderSurpriseToySnotRod
932,Surprise/9525935957_360p
933,Surprise/ABigSurpriseforTwoPrincipals
934,Surprise/AJustinBieberSurprise-YouTube
935,Surprise/AdrianasPuppySurprise
936,Surprise/Amazingsurpriseproposal(IThinkIWannaMarryYou)-YouTube
937,Surprise/AndersonsFlashMobSurprise
938,Surprise/Ashilla16thAshillAmazingPOSEMNCTV270213
939,Surprise/AshillaSurpriseParty16th250213
940,Surprise/BIRTHDAYSURPRISE--
941,Surprise/BabySurprise-(First-timegrandma)
942,Surprise/Ben10MarbzmarbelsSurpriseopeningunwrapping(HD)
943,Surprise/BestFatherDaughterWeddingDance2013SurpriseEndinginOrangeCounty
944,Surprise/Bestpromdatesurpriseever-FromIrelandtoAmerica
945,Surprise/Bestsurpriseever-
946,Surprise/Bigsurprisebirthdaygiftformom
947,Surprise/Brittanys21stbirthdaycarsurprise-
948,Surprise/CarmensDisneyWorldsurprise-
949,Surprise/ColtonsIncredibleSurprise
950,Surprise/DisneySurprise2013
951,Surprise/DisneyWorldChristmasSurpriseFail
952,Surprise/DisneyWorldSurprise2011NoPeeking-
953,Surprise/DisneyworldSurprise2012GOTCHAKIDS-LETSLEAVERIGHTNOW--
954,Surprise/EllensAudienceMemberGetsaBigSurprise-
955,Surprise/EmilysBirthdaySurprise.mp4
956,Surprise/HannahsSurprise
957,Surprise/Heathersbirthdaysurprise
958,Surprise/HistoireDeDire-Surprise
959,Surprise/HomecomingSurprise-Wifesurpriseshersoldier-YouTube
960,Surprise/IRISHEMIGRANTSURPRISEHOMECOMING
961,Surprise/Iphonechristmassurprise(sarah)
962,Surprise/KubalKidsPuppyChristmasEveSurprise
963,Surprise/LittleGirlsHeart-meltingReactiontoSoldierDaddysSurpriseHomecoming
964,Surprise/LongDistanceSurprise.
965,Surprise/Manproposesduringsurprisebirthdaycelebration(EdisonplusStella)-YouTube
966,Surprise/MomGetsaLittleSurprise...ThenaHUGESurprise
967,Surprise/MomsiPhoneChristmasSurprise-
968,Surprise/Momsnewcarsurprise....
969,Surprise/MothersDaygiftsurprise
970,Surprise/MyBirthdaySurprise-
971,Surprise/NataliesChristmasDaySurprise
972,Surprise/NewYorkGraduationgiftsurprise
973,Surprise/OneDirectionConcertTicketsSurprise
974,Surprise/OneDirectionTickets--Surprise--
975,Surprise/OreoSurprise
976,Surprise/PresidentBarackObamaMakesSurpriseVisit
977,Surprise/Puppysurprise
978,Surprise/SURPRISE-BestPregnancyAnnouncementReactions-
979,Surprise/SURPRISEPROPOSAL-YouTube
980,Surprise/Shockedteenagersfirstcarsurprise..Priceless--
981,Surprise/SoldierChristmasSurprisePart1
982,Surprise/SoldierSurpriseHomecomingCompilation
983,Surprise/SoldierSurpriseMomPart1
984,"Surprise/Surprise,Amy-"
985,Surprise/Surprise--WeregoingonaDisneyCruise-
986,Surprise/Surprise-BritneyLearnsGangnamStylefromPsy-
987,Surprise/SurpriseDisneytrip.WARNING--GrabaTissueBox--
988,Surprise/SurpriseDisneyworldTrip-LeavingRightNow
989,Surprise/SurpriseEngagementFlashmobattheICA
990,Surprise/SurpriseProposal
991,Surprise/SurpriseProposaltomyBoyfriend
992,Surprise/TheBestSurpriseMilitaryHomecomings-PARTTHREE
993,Surprise/TheBiggestSurpriseEver
994,Surprise/TheCutestValentinesSurprise(StarringJacobo)
995,Surprise/ThePresidentMakesASurpriseStopinChinatown
996,Surprise/ThePuppySurprise
997,Surprise/TheTenors-MothersDaySurprise
998,Surprise/U.S.MarineIvanVargasshomecomingsurprise-
999,Surprise/USsoldiercominghomesurprise
1000,Surprise/WiiUbirthdaysurprise--
1001,"Surprise/WomanSobsUncontrollablyattheSurpriseReturnofHerHusband,aU.S.ArmySoldier"
1002,Trust/(HD)2013VMATaylorSwiftAcceptanceSpeech
1003,"Trust/2008TinaFeyEmmyAcceptanceSpeech,LeadingActressinaComedy-YouTube"
1004,Trust/2812461206_64764a2a78_700
1005,Trust/3005093712_2995c52e8c_700
1006,Trust/3005441187_ccd3e4322a_700
1007,Trust/3023345845_87cc86a73c_700
1008,Trust/3136609221_4441ae1606_700
1009,Trust/3189543854_326f61478a_700
1010,Trust/3736922515_9c5090f31a_700
1011,Trust/4670856448_4a36f111f8_700
1012,Trust/4701360175_afc1928ce5_700
1013,Trust/5140278193__700
1014,Trust/5706584217_bb692f4c11_700
1015,Trust/5913790384_5e03a925f4_700
1016,Trust/5913865220_7a12ff2c8f_700
1017,Trust/6071678467_35ab13a727_700
1018,Trust/6189925634_206d6d4f18_700
1019,Trust/6726098701_2396d832ac_700
1020,Trust/7060903873_07b9778d21_700
1021,Trust/7265301922__700
1022,Trust/7536130592__700
1023,Trust/8176449247_ff696ae2eb_700
1024,Trust/8272694102_86a3ee9010_700
1025,Trust/Acceptance
1026,Trust/AcceptanceSpeech-JerryMitchell(2013)
1027,Trust/AcceptanceSpeech-JudithLight(2013)
1028,Trust/AcceptanceSpeech-KinkyBoots(2013)
1029,Trust/AcceptancetoCollegeLetterReactions-CoolStuff
1030,Trust/AcceptancetoYaleandParentsReaction-
1031,Trust/AdamSandlersAcceptanceSpeech-PeoplesChoiceAwards2012
1032,Trust/AnnaGunnacceptancespeechprimetimeemmyawards2013
1033,Trust/AnneHathaway-AcceptanceSpeechOscars2013FullShowHD1080p
1034,"Trust/BarackObamaAcceptanceSpeechNovember42008GrantPark,ChicagoIllinoisPART1"
1035,Trust/DavidsReactiontohisStanfordDecision
1036,Trust/Jimparsons(bigbangtheory)acceptancespeechprimetimeemmyawards2013
1037,Trust/KJsReactiontoUCBerkeleyAcceptance-Fall2011-YouTube
1038,Trust/Parentsreactiontoopeningmycollegeacceptanceletteratmy1stchoicecollege-
1039,Trust/SnowyOwlAcceptance
1040,Trust/UCBerkeleyHaasAcceptanceReaction
1041,Trust/2640078675_0d025ce2c1_700
1042,Trust/2713649728_89eeb833e5_700
1043,Trust/2832420711_081550986e_700
1044,Trust/3387170127_d5c49e7227_700
1045,Trust/3821700350_4e56e9d1c9_700
1046,Trust/4353367684_b21a1b5d0d_700
1047,Trust/4923986700__700
1048,Trust/5007397916_b66ba8825c_700
1049,Trust/5097240579_a9b6571ff4_700
1050,Trust/7458748816_258916d5a1_700
1051,Trust/7554302488_7de267d2dd_700
1052,Trust/8116482834_de3bb1c593_700
1053,Trust/8931828341_360p
1054,Trust/8934609182_360p
1055,Trust/8934722741_360p
1056,Trust/9988884346_360p
1057,Trust/Admiration
1058,Trust/FamousPersonIAdmire
1059,Trust/LUKASTERMENALOSTINADMIRATION
1060,Trust/LukasTermena-LostinAdmiration
1061,Trust/NJANGBFAADMIRATION
1062,Trust/StingandHulkShowTheirAdmiration
1063,Trust/UrbaniqueStation-PlatonicAdmiration
1064,Trust/VICESIADMIRE_BEAUTIFULFIRE
1065,Trust/Whodoyouadmire_-Germany-InternationalYouthStudy
1066,Trust/Му-Admiration
1067,Trust/022413TrustGameBoys
1068,Trust/2619186130_e9cd95c47f_700
1069,Trust/2681074812_64bbc7e0dc_700
1070,Trust/3792819215_411a6f6794_700
1071,Trust/4663139554_215c942778_700
1072,Trust/4887557183_8328eb7467_700
1073,Trust/5434322605_f575db7dd0_700
1074,Trust/8589528669__700
1075,Trust/ATestOfTrustandFaithBetweenCouples
1076,Trust/BabyTrustFalls
1077,Trust/BuildingTeamTrust(WithDifferentTrustActivitiesandExe
1078,Trust/BuildingTeamTrust(WithDifferentTrustActivitiesandExercises)
1079,Trust/BuildingTrustGamewithyourHorse
1080,Trust/DogTeachTheirYoungTheValueOfTrustandLoyalty
1081,Trust/HaidiTrustTest
1082,Trust/HowToRestoreYourFaithInHumanity
1083,Trust/ITrustYou
1084,Trust/KnifeScare_TrustTest#2
1085,Trust/RestoringFaithinHumanity-AnimalEdition
1086,Trust/RestoringFaithinHumanity
1087,Trust/RestoringFaithinHumanityVol.2
1088,Trust/RestoringFaithinHumanityVol.3
1089,Trust/Sisters_Night-BlindTrustGame
1090,Trust/Snakes-ATrustandTeamBuildingActivity
1091,Trust/Thetrustgame
1092,Trust/Tip244GoPro-TrustthelatchonHero3case-
1093,Trust/TrustFallAttack
1094,Trust/TrustGame
1095,Trust/TrustGameNewMexico
1096,Trust/TrustMeBaby-GuideDogParodyof_CallMeMaybe_
1097,Trust/TrustV-DuctTapeTeambuildingGame
1098,Trust/TrustWaveteambuildinggame
1099,Trust/Trustgame-1
1100,Trust/Trusttest
1101,Trust/Ultimatetrustgame
