Video ID,Video Name and Directory,color_comfort,light_association,complexity,organization,naturalness,interest,valence,stimulation,vitality,comfort,relaxation,hominess,uplift,approachability,explorability
1,MODN/SPACE_05_MODN_clip_001,0.734375,0.583333333,0.458333333,0.729166667,0.458333333,0.625,0.6625,0.635416667,0.677083333,0.697916667,0.739583333,0.677083333,0.635416667,0.75,0.78125
2,MODN/SPACE_05_MODN_clip_002,0.734375,0.583333333,0.458333333,0.729166667,0.458333333,0.625,0.6625,0.635416667,0.677083333,0.697916667,0.739583333,0.677083333,0.635416667,0.75,0.78125
3,MODN/SPACE_05_MODN_clip_003,0.734375,0.583333333,0.458333333,0.729166667,0.458333333,0.625,0.6625,0.635416667,0.677083333,0.697916667,0.739583333,0.677083333,0.635416667,0.75,0.78125
4,MODN/SPACE_05_MODN_clip_004,0.734375,0.583333333,0.458333333,0.729166667,0.458333333,0.625,0.6625,0.635416667,0.677083333,0.697916667,0.739583333,0.677083333,0.635416667,0.75,0.78125
5,MODN/SPACE_05_MODN_clip_005,0.734375,0.583333333,0.458333333,0.729166667,0.458333333,0.625,0.6625,0.635416667,0.677083333,0.697916667,0.739583333,0.677083333,0.635416667,0.75,0.78125
6,MODN/SPACE_05_MODN_clip_006,0.734375,0.583333333,0.458333333,0.729166667,0.458333333,0.625,0.6625,0.635416667,0.677083333,0.697916667,0.739583333,0.677083333,0.635416667,0.75,0.78125
7,MODN/SPACE_05_MODN_clip_007,0.734375,0.583333333,0.458333333,0.729166667,0.458333333,0.625,0.6625,0.635416667,0.677083333,0.697916667,0.739583333,0.677083333,0.635416667,0.75,0.78125
8,MODN/SPACE_05_MODN_clip_008,0.734375,0.583333333,0.458333333,0.729166667,0.458333333,0.625,0.6625,0.635416667,0.677083333,0.697916667,0.739583333,0.677083333,0.635416667,0.75,0.78125
9,MODN/SPACE_05_MODN_clip_009,0.734375,0.583333333,0.458333333,0.729166667,0.458333333,0.625,0.6625,0.635416667,0.677083333,0.697916667,0.739583333,0.677083333,0.635416667,0.75,0.78125
10,MODN/SPACE_05_MODN_clip_010,0.734375,0.583333333,0.458333333,0.729166667,0.458333333,0.625,0.6625,0.635416667,0.677083333,0.697916667,0.739583333,0.677083333,0.635416667,0.75,0.78125
11,MODN/SPACE_05_MODN_clip_011,0.734375,0.583333333,0.458333333,0.729166667,0.458333333,0.625,0.6625,0.635416667,0.677083333,0.697916667,0.739583333,0.677083333,0.635416667,0.75,0.78125
12,MODN/SPACE_05_MODN_clip_012,0.734375,0.583333333,0.458333333,0.729166667,0.458333333,0.625,0.6625,0.635416667,0.677083333,0.697916667,0.739583333,0.677083333,0.635416667,0.75,0.78125
13,MODN/SPACE_05_MODN_clip_013,0.734375,0.583333333,0.458333333,0.729166667,0.458333333,0.625,0.6625,0.635416667,0.677083333,0.697916667,0.739583333,0.677083333,0.635416667,0.75,0.78125
14,MODN/SPACE_05_MODN_clip_014,0.734375,0.583333333,0.458333333,0.729166667,0.458333333,0.625,0.6625,0.635416667,0.677083333,0.697916667,0.739583333,0.677083333,0.635416667,0.75,0.78125
15,MODN/SPACE_05_MODN_clip_015,0.734375,0.583333333,0.458333333,0.729166667,0.458333333,0.625,0.6625,0.635416667,0.677083333,0.697916667,0.739583333,0.677083333,0.635416667,0.75,0.78125
16,MODN/SPACE_05_MODN_clip_016,0.734375,0.583333333,0.458333333,0.729166667,0.458333333,0.625,0.6625,0.635416667,0.677083333,0.697916667,0.739583333,0.677083333,0.635416667,0.75,0.78125
17,MODN/SPACE_05_MODN_clip_017,0.734375,0.583333333,0.458333333,0.729166667,0.458333333,0.625,0.6625,0.635416667,0.677083333,0.697916667,0.739583333,0.677083333,0.635416667,0.75,0.78125
18,MODN/SPACE_05_MODN_clip_018,0.734375,0.583333333,0.458333333,0.729166667,0.458333333,0.625,0.6625,0.635416667,0.677083333,0.697916667,0.739583333,0.677083333,0.635416667,0.75,0.78125
19,MODN/SPACE_05_MODN_clip_019,0.734375,0.583333333,0.458333333,0.729166667,0.458333333,0.625,0.6625,0.635416667,0.677083333,0.697916667,0.739583333,0.677083333,0.635416667,0.75,0.78125
20,MODN/SPACE_05_MODN_clip_020,0.734375,0.583333333,0.458333333,0.729166667,0.458333333,0.625,0.6625,0.635416667,0.677083333,0.697916667,0.739583333,0.677083333,0.635416667,0.75,0.78125
21,MODN/SPACE_05_MODN_clip_021,0.734375,0.583333333,0.458333333,0.729166667,0.458333333,0.625,0.6625,0.635416667,0.677083333,0.697916667,0.739583333,0.677083333,0.635416667,0.75,0.78125
22,MODN/SPACE_05_MODN_clip_022,0.734375,0.583333333,0.458333333,0.729166667,0.458333333,0.625,0.6625,0.635416667,0.677083333,0.697916667,0.739583333,0.677083333,0.635416667,0.75,0.78125
23,MODN/SPACE_05_MODN_clip_023,0.734375,0.583333333,0.458333333,0.729166667,0.458333333,0.625,0.6625,0.635416667,0.677083333,0.697916667,0.739583333,0.677083333,0.635416667,0.75,0.78125
24,MODN/SPACE_05_MODN_clip_024,0.734375,0.583333333,0.458333333,0.729166667,0.458333333,0.625,0.6625,0.635416667,0.677083333,0.697916667,0.739583333,0.677083333,0.635416667,0.75,0.78125
25,MODN/SPACE_05_MODN_clip_025,0.734375,0.583333333,0.458333333,0.729166667,0.458333333,0.625,0.6625,0.635416667,0.677083333,0.697916667,0.739583333,0.677083333,0.635416667,0.75,0.78125
26,MODN/SPACE_05_MODN_clip_026,0.734375,0.583333333,0.458333333,0.729166667,0.458333333,0.625,0.6625,0.635416667,0.677083333,0.697916667,0.739583333,0.677083333,0.635416667,0.75,0.78125
27,MODN/SPACE_05_MODN_clip_027,0.734375,0.583333333,0.458333333,0.729166667,0.458333333,0.625,0.6625,0.635416667,0.677083333,0.697916667,0.739583333,0.677083333,0.635416667,0.75,0.78125
28,MODN/SPACE_05_MODN_clip_028,0.734375,0.583333333,0.458333333,0.729166667,0.458333333,0.625,0.6625,0.635416667,0.677083333,0.697916667,0.739583333,0.677083333,0.635416667,0.75,0.78125
29,MODN/SPACE_05_MODN_clip_029,0.734375,0.583333333,0.458333333,0.729166667,0.458333333,0.625,0.6625,0.635416667,0.677083333,0.697916667,0.739583333,0.677083333,0.635416667,0.75,0.78125
30,MODN/SPACE_05_MODN_clip_030,0.734375,0.583333333,0.458333333,0.729166667,0.458333333,0.625,0.6625,0.635416667,0.677083333,0.697916667,0.739583333,0.677083333,0.635416667,0.75,0.78125
31,MODN/SPACE_06_MODN_clip_001,0.666666667,0.263888889,0.638888889,0.708333333,0.236111111,0.5,0.466666667,0.555555556,0.5,0.611111111,0.486111111,0.458333333,0.5,0.597222222,0.597222222
32,MODN/SPACE_06_MODN_clip_002,0.666666667,0.263888889,0.638888889,0.708333333,0.236111111,0.5,0.466666667,0.555555556,0.5,0.611111111,0.486111111,0.458333333,0.5,0.597222222,0.597222222
33,MODN/SPACE_06_MODN_clip_003,0.666666667,0.263888889,0.638888889,0.708333333,0.236111111,0.5,0.466666667,0.555555556,0.5,0.611111111,0.486111111,0.458333333,0.5,0.597222222,0.597222222
34,MODN/SPACE_06_MODN_clip_004,0.666666667,0.263888889,0.638888889,0.708333333,0.236111111,0.5,0.466666667,0.555555556,0.5,0.611111111,0.486111111,0.458333333,0.5,0.597222222,0.597222222
35,MODN/SPACE_06_MODN_clip_005,0.666666667,0.263888889,0.638888889,0.708333333,0.236111111,0.5,0.466666667,0.555555556,0.5,0.611111111,0.486111111,0.458333333,0.5,0.597222222,0.597222222
36,MODN/SPACE_06_MODN_clip_006,0.666666667,0.263888889,0.638888889,0.708333333,0.236111111,0.5,0.466666667,0.555555556,0.5,0.611111111,0.486111111,0.458333333,0.5,0.597222222,0.597222222
37,MODN/SPACE_06_MODN_clip_007,0.666666667,0.263888889,0.638888889,0.708333333,0.236111111,0.5,0.466666667,0.555555556,0.5,0.611111111,0.486111111,0.458333333,0.5,0.597222222,0.597222222
38,MODN/SPACE_06_MODN_clip_008,0.666666667,0.263888889,0.638888889,0.708333333,0.236111111,0.5,0.466666667,0.555555556,0.5,0.611111111,0.486111111,0.458333333,0.5,0.597222222,0.597222222
39,MODN/SPACE_06_MODN_clip_009,0.666666667,0.263888889,0.638888889,0.708333333,0.236111111,0.5,0.466666667,0.555555556,0.5,0.611111111,0.486111111,0.458333333,0.5,0.597222222,0.597222222
40,MODN/SPACE_06_MODN_clip_010,0.666666667,0.263888889,0.638888889,0.708333333,0.236111111,0.5,0.466666667,0.555555556,0.5,0.611111111,0.486111111,0.458333333,0.5,0.597222222,0.597222222
41,MODN/SPACE_06_MODN_clip_011,0.666666667,0.263888889,0.638888889,0.708333333,0.236111111,0.5,0.466666667,0.555555556,0.5,0.611111111,0.486111111,0.458333333,0.5,0.597222222,0.597222222
42,MODN/SPACE_06_MODN_clip_012,0.666666667,0.263888889,0.638888889,0.708333333,0.236111111,0.5,0.466666667,0.555555556,0.5,0.611111111,0.486111111,0.458333333,0.5,0.597222222,0.597222222
43,MODN/SPACE_06_MODN_clip_013,0.666666667,0.263888889,0.638888889,0.708333333,0.236111111,0.5,0.466666667,0.555555556,0.5,0.611111111,0.486111111,0.458333333,0.5,0.597222222,0.597222222
44,MODN/SPACE_06_MODN_clip_014,0.666666667,0.263888889,0.638888889,0.708333333,0.236111111,0.5,0.466666667,0.555555556,0.5,0.611111111,0.486111111,0.458333333,0.5,0.597222222,0.597222222
45,MODN/SPACE_06_MODN_clip_015,0.666666667,0.263888889,0.638888889,0.708333333,0.236111111,0.5,0.466666667,0.555555556,0.5,0.611111111,0.486111111,0.458333333,0.5,0.597222222,0.597222222
46,MODN/SPACE_06_MODN_clip_016,0.666666667,0.263888889,0.638888889,0.708333333,0.236111111,0.5,0.466666667,0.555555556,0.5,0.611111111,0.486111111,0.458333333,0.5,0.597222222,0.597222222
47,MODN/SPACE_06_MODN_clip_017,0.666666667,0.263888889,0.638888889,0.708333333,0.236111111,0.5,0.466666667,0.555555556,0.5,0.611111111,0.486111111,0.458333333,0.5,0.597222222,0.597222222
48,MODN/SPACE_06_MODN_clip_018,0.666666667,0.263888889,0.638888889,0.708333333,0.236111111,0.5,0.466666667,0.555555556,0.5,0.611111111,0.486111111,0.458333333,0.5,0.597222222,0.597222222
49,MODN/SPACE_06_MODN_clip_019,0.666666667,0.263888889,0.638888889,0.708333333,0.236111111,0.5,0.466666667,0.555555556,0.5,0.611111111,0.486111111,0.458333333,0.5,0.597222222,0.597222222
50,MODN/SPACE_06_MODN_clip_020,0.666666667,0.263888889,0.638888889,0.708333333,0.236111111,0.5,0.466666667,0.555555556,0.5,0.611111111,0.486111111,0.458333333,0.5,0.597222222,0.597222222
51,MODN/SPACE_06_MODN_clip_021,0.666666667,0.263888889,0.638888889,0.708333333,0.236111111,0.5,0.466666667,0.555555556,0.5,0.611111111,0.486111111,0.458333333,0.5,0.597222222,0.597222222
52,MODN/SPACE_06_MODN_clip_022,0.666666667,0.263888889,0.638888889,0.708333333,0.236111111,0.5,0.466666667,0.555555556,0.5,0.611111111,0.486111111,0.458333333,0.5,0.597222222,0.597222222
53,MODN/SPACE_06_MODN_clip_023,0.666666667,0.263888889,0.638888889,0.708333333,0.236111111,0.5,0.466666667,0.555555556,0.5,0.611111111,0.486111111,0.458333333,0.5,0.597222222,0.597222222
54,MODN/SPACE_06_MODN_clip_024,0.666666667,0.263888889,0.638888889,0.708333333,0.236111111,0.5,0.466666667,0.555555556,0.5,0.611111111,0.486111111,0.458333333,0.5,0.597222222,0.597222222
55,MODN/SPACE_06_MODN_clip_025,0.666666667,0.263888889,0.638888889,0.708333333,0.236111111,0.5,0.466666667,0.555555556,0.5,0.611111111,0.486111111,0.458333333,0.5,0.597222222,0.597222222
56,MODN/SPACE_06_MODN_clip_026,0.666666667,0.263888889,0.638888889,0.708333333,0.236111111,0.5,0.466666667,0.555555556,0.5,0.611111111,0.486111111,0.458333333,0.5,0.597222222,0.597222222
57,MODN/SPACE_06_MODN_clip_027,0.666666667,0.263888889,0.638888889,0.708333333,0.236111111,0.5,0.466666667,0.555555556,0.5,0.611111111,0.486111111,0.458333333,0.5,0.597222222,0.597222222
58,MODN/SPACE_06_MODN_clip_028,0.666666667,0.263888889,0.638888889,0.708333333,0.236111111,0.5,0.466666667,0.555555556,0.5,0.611111111,0.486111111,0.458333333,0.5,0.597222222,0.597222222
59,MODN/SPACE_06_MODN_clip_029,0.666666667,0.263888889,0.638888889,0.708333333,0.236111111,0.5,0.466666667,0.555555556,0.5,0.611111111,0.486111111,0.458333333,0.5,0.597222222,0.597222222
60,MODN/SPACE_06_MODN_clip_030,0.666666667,0.263888889,0.638888889,0.708333333,0.236111111,0.5,0.466666667,0.555555556,0.5,0.611111111,0.486111111,0.458333333,0.5,0.597222222,0.597222222
61,MODN/SPACE_07_MODN_clip_001,0.645833333,0.375,0.791666667,0.625,0.208333333,0.680555556,0.55,0.694444444,0.597222222,0.583333333,0.486111111,0.527777778,0.486111111,0.583333333,0.597222222
62,MODN/SPACE_07_MODN_clip_002,0.645833333,0.375,0.791666667,0.625,0.208333333,0.680555556,0.55,0.694444444,0.597222222,0.583333333,0.486111111,0.527777778,0.486111111,0.583333333,0.597222222
63,MODN/SPACE_07_MODN_clip_003,0.645833333,0.375,0.791666667,0.625,0.208333333,0.680555556,0.55,0.694444444,0.597222222,0.583333333,0.486111111,0.527777778,0.486111111,0.583333333,0.597222222
64,MODN/SPACE_07_MODN_clip_004,0.645833333,0.375,0.791666667,0.625,0.208333333,0.680555556,0.55,0.694444444,0.597222222,0.583333333,0.486111111,0.527777778,0.486111111,0.583333333,0.597222222
65,MODN/SPACE_07_MODN_clip_005,0.645833333,0.375,0.791666667,0.625,0.208333333,0.680555556,0.55,0.694444444,0.597222222,0.583333333,0.486111111,0.527777778,0.486111111,0.583333333,0.597222222
66,MODN/SPACE_07_MODN_clip_006,0.645833333,0.375,0.791666667,0.625,0.208333333,0.680555556,0.55,0.694444444,0.597222222,0.583333333,0.486111111,0.527777778,0.486111111,0.583333333,0.597222222
67,MODN/SPACE_07_MODN_clip_007,0.645833333,0.375,0.791666667,0.625,0.208333333,0.680555556,0.55,0.694444444,0.597222222,0.583333333,0.486111111,0.527777778,0.486111111,0.583333333,0.597222222
68,MODN/SPACE_07_MODN_clip_008,0.645833333,0.375,0.791666667,0.625,0.208333333,0.680555556,0.55,0.694444444,0.597222222,0.583333333,0.486111111,0.527777778,0.486111111,0.583333333,0.597222222
69,MODN/SPACE_07_MODN_clip_009,0.645833333,0.375,0.791666667,0.625,0.208333333,0.680555556,0.55,0.694444444,0.597222222,0.583333333,0.486111111,0.527777778,0.486111111,0.583333333,0.597222222
70,MODN/SPACE_07_MODN_clip_010,0.645833333,0.375,0.791666667,0.625,0.208333333,0.680555556,0.55,0.694444444,0.597222222,0.583333333,0.486111111,0.527777778,0.486111111,0.583333333,0.597222222
71,MODN/SPACE_07_MODN_clip_011,0.645833333,0.375,0.791666667,0.625,0.208333333,0.680555556,0.55,0.694444444,0.597222222,0.583333333,0.486111111,0.527777778,0.486111111,0.583333333,0.597222222
72,MODN/SPACE_07_MODN_clip_012,0.645833333,0.375,0.791666667,0.625,0.208333333,0.680555556,0.55,0.694444444,0.597222222,0.583333333,0.486111111,0.527777778,0.486111111,0.583333333,0.597222222
73,MODN/SPACE_07_MODN_clip_013,0.645833333,0.375,0.791666667,0.625,0.208333333,0.680555556,0.55,0.694444444,0.597222222,0.583333333,0.486111111,0.527777778,0.486111111,0.583333333,0.597222222
74,MODN/SPACE_07_MODN_clip_014,0.645833333,0.375,0.791666667,0.625,0.208333333,0.680555556,0.55,0.694444444,0.597222222,0.583333333,0.486111111,0.527777778,0.486111111,0.583333333,0.597222222
75,MODN/SPACE_07_MODN_clip_015,0.645833333,0.375,0.791666667,0.625,0.208333333,0.680555556,0.55,0.694444444,0.597222222,0.583333333,0.486111111,0.527777778,0.486111111,0.583333333,0.597222222
76,MODN/SPACE_07_MODN_clip_016,0.645833333,0.375,0.791666667,0.625,0.208333333,0.680555556,0.55,0.694444444,0.597222222,0.583333333,0.486111111,0.527777778,0.486111111,0.583333333,0.597222222
77,MODN/SPACE_07_MODN_clip_017,0.645833333,0.375,0.791666667,0.625,0.208333333,0.680555556,0.55,0.694444444,0.597222222,0.583333333,0.486111111,0.527777778,0.486111111,0.583333333,0.597222222
78,MODN/SPACE_07_MODN_clip_018,0.645833333,0.375,0.791666667,0.625,0.208333333,0.680555556,0.55,0.694444444,0.597222222,0.583333333,0.486111111,0.527777778,0.486111111,0.583333333,0.597222222
79,MODN/SPACE_07_MODN_clip_019,0.645833333,0.375,0.791666667,0.625,0.208333333,0.680555556,0.55,0.694444444,0.597222222,0.583333333,0.486111111,0.527777778,0.486111111,0.583333333,0.597222222
80,MODN/SPACE_07_MODN_clip_020,0.645833333,0.375,0.791666667,0.625,0.208333333,0.680555556,0.55,0.694444444,0.597222222,0.583333333,0.486111111,0.527777778,0.486111111,0.583333333,0.597222222
81,MODN/SPACE_07_MODN_clip_021,0.645833333,0.375,0.791666667,0.625,0.208333333,0.680555556,0.55,0.694444444,0.597222222,0.583333333,0.486111111,0.527777778,0.486111111,0.583333333,0.597222222
82,MODN/SPACE_07_MODN_clip_022,0.645833333,0.375,0.791666667,0.625,0.208333333,0.680555556,0.55,0.694444444,0.597222222,0.583333333,0.486111111,0.527777778,0.486111111,0.583333333,0.597222222
83,MODN/SPACE_07_MODN_clip_023,0.645833333,0.375,0.791666667,0.625,0.208333333,0.680555556,0.55,0.694444444,0.597222222,0.583333333,0.486111111,0.527777778,0.486111111,0.583333333,0.597222222
84,MODN/SPACE_07_MODN_clip_024,0.645833333,0.375,0.791666667,0.625,0.208333333,0.680555556,0.55,0.694444444,0.597222222,0.583333333,0.486111111,0.527777778,0.486111111,0.583333333,0.597222222
85,MODN/SPACE_07_MODN_clip_025,0.645833333,0.375,0.791666667,0.625,0.208333333,0.680555556,0.55,0.694444444,0.597222222,0.583333333,0.486111111,0.527777778,0.486111111,0.583333333,0.597222222
86,MODN/SPACE_07_MODN_clip_026,0.645833333,0.375,0.791666667,0.625,0.208333333,0.680555556,0.55,0.694444444,0.597222222,0.583333333,0.486111111,0.527777778,0.486111111,0.583333333,0.597222222
87,MODN/SPACE_07_MODN_clip_027,0.645833333,0.375,0.791666667,0.625,0.208333333,0.680555556,0.55,0.694444444,0.597222222,0.583333333,0.486111111,0.527777778,0.486111111,0.583333333,0.597222222
88,MODN/SPACE_07_MODN_clip_028,0.645833333,0.375,0.791666667,0.625,0.208333333,0.680555556,0.55,0.694444444,0.597222222,0.583333333,0.486111111,0.527777778,0.486111111,0.583333333,0.597222222
89,MODN/SPACE_07_MODN_clip_029,0.645833333,0.375,0.791666667,0.625,0.208333333,0.680555556,0.55,0.694444444,0.597222222,0.583333333,0.486111111,0.527777778,0.486111111,0.583333333,0.597222222
90,MODN/SPACE_07_MODN_clip_030,0.645833333,0.375,0.791666667,0.625,0.208333333,0.680555556,0.55,0.694444444,0.597222222,0.583333333,0.486111111,0.527777778,0.486111111,0.583333333,0.597222222
91,MODN/SPACE_08_MODN_clip_001,0.671875,0.552083333,0.625,0.5625,0.34375,0.5,0.525,0.53125,0.635416667,0.614583333,0.552083333,0.53125,0.53125,0.5625,0.614583333
92,MODN/SPACE_08_MODN_clip_002,0.671875,0.552083333,0.625,0.5625,0.34375,0.5,0.525,0.53125,0.635416667,0.614583333,0.552083333,0.53125,0.53125,0.5625,0.614583333
93,MODN/SPACE_08_MODN_clip_003,0.671875,0.552083333,0.625,0.5625,0.34375,0.5,0.525,0.53125,0.635416667,0.614583333,0.552083333,0.53125,0.53125,0.5625,0.614583333
94,MODN/SPACE_08_MODN_clip_004,0.671875,0.552083333,0.625,0.5625,0.34375,0.5,0.525,0.53125,0.635416667,0.614583333,0.552083333,0.53125,0.53125,0.5625,0.614583333
95,MODN/SPACE_08_MODN_clip_005,0.671875,0.552083333,0.625,0.5625,0.34375,0.5,0.525,0.53125,0.635416667,0.614583333,0.552083333,0.53125,0.53125,0.5625,0.614583333
96,MODN/SPACE_08_MODN_clip_006,0.671875,0.552083333,0.625,0.5625,0.34375,0.5,0.525,0.53125,0.635416667,0.614583333,0.552083333,0.53125,0.53125,0.5625,0.614583333
97,MODN/SPACE_08_MODN_clip_007,0.671875,0.552083333,0.625,0.5625,0.34375,0.5,0.525,0.53125,0.635416667,0.614583333,0.552083333,0.53125,0.53125,0.5625,0.614583333
98,MODN/SPACE_08_MODN_clip_008,0.671875,0.552083333,0.625,0.5625,0.34375,0.5,0.525,0.53125,0.635416667,0.614583333,0.552083333,0.53125,0.53125,0.5625,0.614583333
99,MODN/SPACE_08_MODN_clip_009,0.671875,0.552083333,0.625,0.5625,0.34375,0.5,0.525,0.53125,0.635416667,0.614583333,0.552083333,0.53125,0.53125,0.5625,0.614583333
100,MODN/SPACE_08_MODN_clip_010,0.671875,0.552083333,0.625,0.5625,0.34375,0.5,0.525,0.53125,0.635416667,0.614583333,0.552083333,0.53125,0.53125,0.5625,0.614583333
101,MODN/SPACE_08_MODN_clip_011,0.671875,0.552083333,0.625,0.5625,0.34375,0.5,0.525,0.53125,0.635416667,0.614583333,0.552083333,0.53125,0.53125,0.5625,0.614583333
102,MODN/SPACE_08_MODN_clip_012,0.671875,0.552083333,0.625,0.5625,0.34375,0.5,0.525,0.53125,0.635416667,0.614583333,0.552083333,0.53125,0.53125,0.5625,0.614583333
103,MODN/SPACE_08_MODN_clip_013,0.671875,0.552083333,0.625,0.5625,0.34375,0.5,0.525,0.53125,0.635416667,0.614583333,0.552083333,0.53125,0.53125,0.5625,0.614583333
104,MODN/SPACE_08_MODN_clip_014,0.671875,0.552083333,0.625,0.5625,0.34375,0.5,0.525,0.53125,0.635416667,0.614583333,0.552083333,0.53125,0.53125,0.5625,0.614583333
105,MODN/SPACE_08_MODN_clip_015,0.671875,0.552083333,0.625,0.5625,0.34375,0.5,0.525,0.53125,0.635416667,0.614583333,0.552083333,0.53125,0.53125,0.5625,0.614583333
106,MODN/SPACE_08_MODN_clip_016,0.671875,0.552083333,0.625,0.5625,0.34375,0.5,0.525,0.53125,0.635416667,0.614583333,0.552083333,0.53125,0.53125,0.5625,0.614583333
107,MODN/SPACE_08_MODN_clip_017,0.671875,0.552083333,0.625,0.5625,0.34375,0.5,0.525,0.53125,0.635416667,0.614583333,0.552083333,0.53125,0.53125,0.5625,0.614583333
108,MODN/SPACE_08_MODN_clip_018,0.671875,0.552083333,0.625,0.5625,0.34375,0.5,0.525,0.53125,0.635416667,0.614583333,0.552083333,0.53125,0.53125,0.5625,0.614583333
109,MODN/SPACE_08_MODN_clip_019,0.671875,0.552083333,0.625,0.5625,0.34375,0.5,0.525,0.53125,0.635416667,0.614583333,0.552083333,0.53125,0.53125,0.5625,0.614583333
110,MODN/SPACE_08_MODN_clip_020,0.671875,0.552083333,0.625,0.5625,0.34375,0.5,0.525,0.53125,0.635416667,0.614583333,0.552083333,0.53125,0.53125,0.5625,0.614583333
111,MODN/SPACE_08_MODN_clip_021,0.671875,0.552083333,0.625,0.5625,0.34375,0.5,0.525,0.53125,0.635416667,0.614583333,0.552083333,0.53125,0.53125,0.5625,0.614583333
112,MODN/SPACE_08_MODN_clip_022,0.671875,0.552083333,0.625,0.5625,0.34375,0.5,0.525,0.53125,0.635416667,0.614583333,0.552083333,0.53125,0.53125,0.5625,0.614583333
113,MODN/SPACE_08_MODN_clip_023,0.671875,0.552083333,0.625,0.5625,0.34375,0.5,0.525,0.53125,0.635416667,0.614583333,0.552083333,0.53125,0.53125,0.5625,0.614583333
114,MODN/SPACE_08_MODN_clip_024,0.671875,0.552083333,0.625,0.5625,0.34375,0.5,0.525,0.53125,0.635416667,0.614583333,0.552083333,0.53125,0.53125,0.5625,0.614583333
115,MODN/SPACE_08_MODN_clip_025,0.671875,0.552083333,0.625,0.5625,0.34375,0.5,0.525,0.53125,0.635416667,0.614583333,0.552083333,0.53125,0.53125,0.5625,0.614583333
116,MODN/SPACE_08_MODN_clip_026,0.671875,0.552083333,0.625,0.5625,0.34375,0.5,0.525,0.53125,0.635416667,0.614583333,0.552083333,0.53125,0.53125,0.5625,0.614583333
117,MODN/SPACE_08_MODN_clip_027,0.671875,0.552083333,0.625,0.5625,0.34375,0.5,0.525,0.53125,0.635416667,0.614583333,0.552083333,0.53125,0.53125,0.5625,0.614583333
118,MODN/SPACE_08_MODN_clip_028,0.671875,0.552083333,0.625,0.5625,0.34375,0.5,0.525,0.53125,0.635416667,0.614583333,0.552083333,0.53125,0.53125,0.5625,0.614583333
119,MODN/SPACE_08_MODN_clip_029,0.671875,0.552083333,0.625,0.5625,0.34375,0.5,0.525,0.53125,0.635416667,0.614583333,0.552083333,0.53125,0.53125,0.5625,0.614583333
120,MODN/SPACE_08_MODN_clip_030,0.671875,0.552083333,0.625,0.5625,0.34375,0.5,0.525,0.53125,0.635416667,0.614583333,0.552083333,0.53125,0.53125,0.5625,0.614583333
121,MUJI/SPACE_05_MUJI_clip_001,0.84375,0.802083333,0.333333333,0.791666667,0.583333333,0.572916667,0.7125,0.614583333,0.697916667,0.75,0.770833333,0.708333333,0.65625,0.770833333,0.65625
122,MUJI/SPACE_05_MUJI_clip_002,0.84375,0.802083333,0.333333333,0.791666667,0.583333333,0.572916667,0.7125,0.614583333,0.697916667,0.75,0.770833333,0.708333333,0.65625,0.770833333,0.65625
123,MUJI/SPACE_05_MUJI_clip_003,0.84375,0.802083333,0.333333333,0.791666667,0.583333333,0.572916667,0.7125,0.614583333,0.697916667,0.75,0.770833333,0.708333333,0.65625,0.770833333,0.65625
124,MUJI/SPACE_05_MUJI_clip_004,0.84375,0.802083333,0.333333333,0.791666667,0.583333333,0.572916667,0.7125,0.614583333,0.697916667,0.75,0.770833333,0.708333333,0.65625,0.770833333,0.65625
125,MUJI/SPACE_05_MUJI_clip_005,0.84375,0.802083333,0.333333333,0.791666667,0.583333333,0.572916667,0.7125,0.614583333,0.697916667,0.75,0.770833333,0.708333333,0.65625,0.770833333,0.65625
126,MUJI/SPACE_05_MUJI_clip_006,0.84375,0.802083333,0.333333333,0.791666667,0.583333333,0.572916667,0.7125,0.614583333,0.697916667,0.75,0.770833333,0.708333333,0.65625,0.770833333,0.65625
127,MUJI/SPACE_05_MUJI_clip_007,0.84375,0.802083333,0.333333333,0.791666667,0.583333333,0.572916667,0.7125,0.614583333,0.697916667,0.75,0.770833333,0.708333333,0.65625,0.770833333,0.65625
128,MUJI/SPACE_05_MUJI_clip_008,0.84375,0.802083333,0.333333333,0.791666667,0.583333333,0.572916667,0.7125,0.614583333,0.697916667,0.75,0.770833333,0.708333333,0.65625,0.770833333,0.65625
129,MUJI/SPACE_05_MUJI_clip_009,0.84375,0.802083333,0.333333333,0.791666667,0.583333333,0.572916667,0.7125,0.614583333,0.697916667,0.75,0.770833333,0.708333333,0.65625,0.770833333,0.65625
130,MUJI/SPACE_05_MUJI_clip_010,0.84375,0.802083333,0.333333333,0.791666667,0.583333333,0.572916667,0.7125,0.614583333,0.697916667,0.75,0.770833333,0.708333333,0.65625,0.770833333,0.65625
131,MUJI/SPACE_05_MUJI_clip_011,0.84375,0.802083333,0.333333333,0.791666667,0.583333333,0.572916667,0.7125,0.614583333,0.697916667,0.75,0.770833333,0.708333333,0.65625,0.770833333,0.65625
132,MUJI/SPACE_05_MUJI_clip_012,0.84375,0.802083333,0.333333333,0.791666667,0.583333333,0.572916667,0.7125,0.614583333,0.697916667,0.75,0.770833333,0.708333333,0.65625,0.770833333,0.65625
133,MUJI/SPACE_05_MUJI_clip_013,0.84375,0.802083333,0.333333333,0.791666667,0.583333333,0.572916667,0.7125,0.614583333,0.697916667,0.75,0.770833333,0.708333333,0.65625,0.770833333,0.65625
134,MUJI/SPACE_05_MUJI_clip_014,0.84375,0.802083333,0.333333333,0.791666667,0.583333333,0.572916667,0.7125,0.614583333,0.697916667,0.75,0.770833333,0.708333333,0.65625,0.770833333,0.65625
135,MUJI/SPACE_05_MUJI_clip_015,0.84375,0.802083333,0.333333333,0.791666667,0.583333333,0.572916667,0.7125,0.614583333,0.697916667,0.75,0.770833333,0.708333333,0.65625,0.770833333,0.65625
136,MUJI/SPACE_05_MUJI_clip_016,0.84375,0.802083333,0.333333333,0.791666667,0.583333333,0.572916667,0.7125,0.614583333,0.697916667,0.75,0.770833333,0.708333333,0.65625,0.770833333,0.65625
137,MUJI/SPACE_05_MUJI_clip_017,0.84375,0.802083333,0.333333333,0.791666667,0.583333333,0.572916667,0.7125,0.614583333,0.697916667,0.75,0.770833333,0.708333333,0.65625,0.770833333,0.65625
138,MUJI/SPACE_05_MUJI_clip_018,0.84375,0.802083333,0.333333333,0.791666667,0.583333333,0.572916667,0.7125,0.614583333,0.697916667,0.75,0.770833333,0.708333333,0.65625,0.770833333,0.65625
139,MUJI/SPACE_05_MUJI_clip_019,0.84375,0.802083333,0.333333333,0.791666667,0.583333333,0.572916667,0.7125,0.614583333,0.697916667,0.75,0.770833333,0.708333333,0.65625,0.770833333,0.65625
140,MUJI/SPACE_05_MUJI_clip_020,0.84375,0.802083333,0.333333333,0.791666667,0.583333333,0.572916667,0.7125,0.614583333,0.697916667,0.75,0.770833333,0.708333333,0.65625,0.770833333,0.65625
141,MUJI/SPACE_05_MUJI_clip_021,0.84375,0.802083333,0.333333333,0.791666667,0.583333333,0.572916667,0.7125,0.614583333,0.697916667,0.75,0.770833333,0.708333333,0.65625,0.770833333,0.65625
142,MUJI/SPACE_05_MUJI_clip_022,0.84375,0.802083333,0.333333333,0.791666667,0.583333333,0.572916667,0.7125,0.614583333,0.697916667,0.75,0.770833333,0.708333333,0.65625,0.770833333,0.65625
143,MUJI/SPACE_05_MUJI_clip_023,0.84375,0.802083333,0.333333333,0.791666667,0.583333333,0.572916667,0.7125,0.614583333,0.697916667,0.75,0.770833333,0.708333333,0.65625,0.770833333,0.65625
144,MUJI/SPACE_05_MUJI_clip_024,0.84375,0.802083333,0.333333333,0.791666667,0.583333333,0.572916667,0.7125,0.614583333,0.697916667,0.75,0.770833333,0.708333333,0.65625,0.770833333,0.65625
145,MUJI/SPACE_05_MUJI_clip_025,0.84375,0.802083333,0.333333333,0.791666667,0.583333333,0.572916667,0.7125,0.614583333,0.697916667,0.75,0.770833333,0.708333333,0.65625,0.770833333,0.65625
146,MUJI/SPACE_05_MUJI_clip_026,0.84375,0.802083333,0.333333333,0.791666667,0.583333333,0.572916667,0.7125,0.614583333,0.697916667,0.75,0.770833333,0.708333333,0.65625,0.770833333,0.65625
147,MUJI/SPACE_05_MUJI_clip_027,0.84375,0.802083333,0.333333333,0.791666667,0.583333333,0.572916667,0.7125,0.614583333,0.697916667,0.75,0.770833333,0.708333333,0.65625,0.770833333,0.65625
148,MUJI/SPACE_05_MUJI_clip_028,0.84375,0.802083333,0.333333333,0.791666667,0.583333333,0.572916667,0.7125,0.614583333,0.697916667,0.75,0.770833333,0.708333333,0.65625,0.770833333,0.65625
149,MUJI/SPACE_05_MUJI_clip_029,0.84375,0.802083333,0.333333333,0.791666667,0.583333333,0.572916667,0.7125,0.614583333,0.697916667,0.75,0.770833333,0.708333333,0.65625,0.770833333,0.65625
150,MUJI/SPACE_05_MUJI_clip_030,0.84375,0.802083333,0.333333333,0.791666667,0.583333333,0.572916667,0.7125,0.614583333,0.697916667,0.75,0.770833333,0.708333333,0.65625,0.770833333,0.65625
151,MUJI/SPACE_06_MUJI_clip_001,0.833333333,0.777777778,0.277777778,0.736111111,0.638888889,0.722222222,0.683333333,0.736111111,0.75,0.763888889,0.791666667,0.708333333,0.75,0.777777778,0.777777778
152,MUJI/SPACE_06_MUJI_clip_002,0.833333333,0.777777778,0.277777778,0.736111111,0.638888889,0.722222222,0.683333333,0.736111111,0.75,0.763888889,0.791666667,0.708333333,0.75,0.777777778,0.777777778
153,MUJI/SPACE_06_MUJI_clip_003,0.833333333,0.777777778,0.277777778,0.736111111,0.638888889,0.722222222,0.683333333,0.736111111,0.75,0.763888889,0.791666667,0.708333333,0.75,0.777777778,0.777777778
154,MUJI/SPACE_06_MUJI_clip_004,0.833333333,0.777777778,0.277777778,0.736111111,0.638888889,0.722222222,0.683333333,0.736111111,0.75,0.763888889,0.791666667,0.708333333,0.75,0.777777778,0.777777778
155,MUJI/SPACE_06_MUJI_clip_005,0.833333333,0.777777778,0.277777778,0.736111111,0.638888889,0.722222222,0.683333333,0.736111111,0.75,0.763888889,0.791666667,0.708333333,0.75,0.777777778,0.777777778
156,MUJI/SPACE_06_MUJI_clip_006,0.833333333,0.777777778,0.277777778,0.736111111,0.638888889,0.722222222,0.683333333,0.736111111,0.75,0.763888889,0.791666667,0.708333333,0.75,0.777777778,0.777777778
157,MUJI/SPACE_06_MUJI_clip_007,0.833333333,0.777777778,0.277777778,0.736111111,0.638888889,0.722222222,0.683333333,0.736111111,0.75,0.763888889,0.791666667,0.708333333,0.75,0.777777778,0.777777778
158,MUJI/SPACE_06_MUJI_clip_008,0.833333333,0.777777778,0.277777778,0.736111111,0.638888889,0.722222222,0.683333333,0.736111111,0.75,0.763888889,0.791666667,0.708333333,0.75,0.777777778,0.777777778
159,MUJI/SPACE_06_MUJI_clip_009,0.833333333,0.777777778,0.277777778,0.736111111,0.638888889,0.722222222,0.683333333,0.736111111,0.75,0.763888889,0.791666667,0.708333333,0.75,0.777777778,0.777777778
160,MUJI/SPACE_06_MUJI_clip_010,0.833333333,0.777777778,0.277777778,0.736111111,0.638888889,0.722222222,0.683333333,0.736111111,0.75,0.763888889,0.791666667,0.708333333,0.75,0.777777778,0.777777778
161,MUJI/SPACE_06_MUJI_clip_011,0.833333333,0.777777778,0.277777778,0.736111111,0.638888889,0.722222222,0.683333333,0.736111111,0.75,0.763888889,0.791666667,0.708333333,0.75,0.777777778,0.777777778
162,MUJI/SPACE_06_MUJI_clip_012,0.833333333,0.777777778,0.277777778,0.736111111,0.638888889,0.722222222,0.683333333,0.736111111,0.75,0.763888889,0.791666667,0.708333333,0.75,0.777777778,0.777777778
163,MUJI/SPACE_06_MUJI_clip_013,0.833333333,0.777777778,0.277777778,0.736111111,0.638888889,0.722222222,0.683333333,0.736111111,0.75,0.763888889,0.791666667,0.708333333,0.75,0.777777778,0.777777778
164,MUJI/SPACE_06_MUJI_clip_014,0.833333333,0.777777778,0.277777778,0.736111111,0.638888889,0.722222222,0.683333333,0.736111111,0.75,0.763888889,0.791666667,0.708333333,0.75,0.777777778,0.777777778
165,MUJI/SPACE_06_MUJI_clip_015,0.833333333,0.777777778,0.277777778,0.736111111,0.638888889,0.722222222,0.683333333,0.736111111,0.75,0.763888889,0.791666667,0.708333333,0.75,0.777777778,0.777777778
166,MUJI/SPACE_06_MUJI_clip_016,0.833333333,0.777777778,0.277777778,0.736111111,0.638888889,0.722222222,0.683333333,0.736111111,0.75,0.763888889,0.791666667,0.708333333,0.75,0.777777778,0.777777778
167,MUJI/SPACE_06_MUJI_clip_017,0.833333333,0.777777778,0.277777778,0.736111111,0.638888889,0.722222222,0.683333333,0.736111111,0.75,0.763888889,0.791666667,0.708333333,0.75,0.777777778,0.777777778
168,MUJI/SPACE_06_MUJI_clip_018,0.833333333,0.777777778,0.277777778,0.736111111,0.638888889,0.722222222,0.683333333,0.736111111,0.75,0.763888889,0.791666667,0.708333333,0.75,0.777777778,0.777777778
169,MUJI/SPACE_06_MUJI_clip_019,0.833333333,0.777777778,0.277777778,0.736111111,0.638888889,0.722222222,0.683333333,0.736111111,0.75,0.763888889,0.791666667,0.708333333,0.75,0.777777778,0.777777778
170,MUJI/SPACE_06_MUJI_clip_020,0.833333333,0.777777778,0.277777778,0.736111111,0.638888889,0.722222222,0.683333333,0.736111111,0.75,0.763888889,0.791666667,0.708333333,0.75,0.777777778,0.777777778
171,MUJI/SPACE_06_MUJI_clip_021,0.833333333,0.777777778,0.277777778,0.736111111,0.638888889,0.722222222,0.683333333,0.736111111,0.75,0.763888889,0.791666667,0.708333333,0.75,0.777777778,0.777777778
172,MUJI/SPACE_06_MUJI_clip_022,0.833333333,0.777777778,0.277777778,0.736111111,0.638888889,0.722222222,0.683333333,0.736111111,0.75,0.763888889,0.791666667,0.708333333,0.75,0.777777778,0.777777778
173,MUJI/SPACE_06_MUJI_clip_023,0.833333333,0.777777778,0.277777778,0.736111111,0.638888889,0.722222222,0.683333333,0.736111111,0.75,0.763888889,0.791666667,0.708333333,0.75,0.777777778,0.777777778
174,MUJI/SPACE_06_MUJI_clip_024,0.833333333,0.777777778,0.277777778,0.736111111,0.638888889,0.722222222,0.683333333,0.736111111,0.75,0.763888889,0.791666667,0.708333333,0.75,0.777777778,0.777777778
175,MUJI/SPACE_06_MUJI_clip_025,0.833333333,0.777777778,0.277777778,0.736111111,0.638888889,0.722222222,0.683333333,0.736111111,0.75,0.763888889,0.791666667,0.708333333,0.75,0.777777778,0.777777778
176,MUJI/SPACE_06_MUJI_clip_026,0.833333333,0.777777778,0.277777778,0.736111111,0.638888889,0.722222222,0.683333333,0.736111111,0.75,0.763888889,0.791666667,0.708333333,0.75,0.777777778,0.777777778
177,MUJI/SPACE_06_MUJI_clip_027,0.833333333,0.777777778,0.277777778,0.736111111,0.638888889,0.722222222,0.683333333,0.736111111,0.75,0.763888889,0.791666667,0.708333333,0.75,0.777777778,0.777777778
178,MUJI/SPACE_06_MUJI_clip_028,0.833333333,0.777777778,0.277777778,0.736111111,0.638888889,0.722222222,0.683333333,0.736111111,0.75,0.763888889,0.791666667,0.708333333,0.75,0.777777778,0.777777778
179,MUJI/SPACE_06_MUJI_clip_029,0.833333333,0.777777778,0.277777778,0.736111111,0.638888889,0.722222222,0.683333333,0.736111111,0.75,0.763888889,0.791666667,0.708333333,0.75,0.777777778,0.777777778
180,MUJI/SPACE_06_MUJI_clip_030,0.833333333,0.777777778,0.277777778,0.736111111,0.638888889,0.722222222,0.683333333,0.736111111,0.75,0.763888889,0.791666667,0.708333333,0.75,0.777777778,0.777777778
181,MUJI/SPACE_07_MUJI_clip_001,0.8125,0.736111111,0.430555556,0.819444444,0.486111111,0.597222222,0.666666667,0.638888889,0.638888889,0.763888889,0.763888889,0.652777778,0.611111111,0.666666667,0.666666667
182,MUJI/SPACE_07_MUJI_clip_002,0.8125,0.736111111,0.430555556,0.819444444,0.486111111,0.597222222,0.666666667,0.638888889,0.638888889,0.763888889,0.763888889,0.652777778,0.611111111,0.666666667,0.666666667
183,MUJI/SPACE_07_MUJI_clip_003,0.8125,0.736111111,0.430555556,0.819444444,0.486111111,0.597222222,0.666666667,0.638888889,0.638888889,0.763888889,0.763888889,0.652777778,0.611111111,0.666666667,0.666666667
184,MUJI/SPACE_07_MUJI_clip_004,0.8125,0.736111111,0.430555556,0.819444444,0.486111111,0.597222222,0.666666667,0.638888889,0.638888889,0.763888889,0.763888889,0.652777778,0.611111111,0.666666667,0.666666667
185,MUJI/SPACE_07_MUJI_clip_005,0.8125,0.736111111,0.430555556,0.819444444,0.486111111,0.597222222,0.666666667,0.638888889,0.638888889,0.763888889,0.763888889,0.652777778,0.611111111,0.666666667,0.666666667
186,MUJI/SPACE_07_MUJI_clip_006,0.8125,0.736111111,0.430555556,0.819444444,0.486111111,0.597222222,0.666666667,0.638888889,0.638888889,0.763888889,0.763888889,0.652777778,0.611111111,0.666666667,0.666666667
187,MUJI/SPACE_07_MUJI_clip_007,0.8125,0.736111111,0.430555556,0.819444444,0.486111111,0.597222222,0.666666667,0.638888889,0.638888889,0.763888889,0.763888889,0.652777778,0.611111111,0.666666667,0.666666667
188,MUJI/SPACE_07_MUJI_clip_008,0.8125,0.736111111,0.430555556,0.819444444,0.486111111,0.597222222,0.666666667,0.638888889,0.638888889,0.763888889,0.763888889,0.652777778,0.611111111,0.666666667,0.666666667
189,MUJI/SPACE_07_MUJI_clip_009,0.8125,0.736111111,0.430555556,0.819444444,0.486111111,0.597222222,0.666666667,0.638888889,0.638888889,0.763888889,0.763888889,0.652777778,0.611111111,0.666666667,0.666666667
190,MUJI/SPACE_07_MUJI_clip_010,0.8125,0.736111111,0.430555556,0.819444444,0.486111111,0.597222222,0.666666667,0.638888889,0.638888889,0.763888889,0.763888889,0.652777778,0.611111111,0.666666667,0.666666667
191,MUJI/SPACE_07_MUJI_clip_011,0.8125,0.736111111,0.430555556,0.819444444,0.486111111,0.597222222,0.666666667,0.638888889,0.638888889,0.763888889,0.763888889,0.652777778,0.611111111,0.666666667,0.666666667
192,MUJI/SPACE_07_MUJI_clip_012,0.8125,0.736111111,0.430555556,0.819444444,0.486111111,0.597222222,0.666666667,0.638888889,0.638888889,0.763888889,0.763888889,0.652777778,0.611111111,0.666666667,0.666666667
193,MUJI/SPACE_07_MUJI_clip_013,0.8125,0.736111111,0.430555556,0.819444444,0.486111111,0.597222222,0.666666667,0.638888889,0.638888889,0.763888889,0.763888889,0.652777778,0.611111111,0.666666667,0.666666667
194,MUJI/SPACE_07_MUJI_clip_014,0.8125,0.736111111,0.430555556,0.819444444,0.486111111,0.597222222,0.666666667,0.638888889,0.638888889,0.763888889,0.763888889,0.652777778,0.611111111,0.666666667,0.666666667
195,MUJI/SPACE_07_MUJI_clip_015,0.8125,0.736111111,0.430555556,0.819444444,0.486111111,0.597222222,0.666666667,0.638888889,0.638888889,0.763888889,0.763888889,0.652777778,0.611111111,0.666666667,0.666666667
196,MUJI/SPACE_07_MUJI_clip_016,0.8125,0.736111111,0.430555556,0.819444444,0.486111111,0.597222222,0.666666667,0.638888889,0.638888889,0.763888889,0.763888889,0.652777778,0.611111111,0.666666667,0.666666667
197,MUJI/SPACE_07_MUJI_clip_017,0.8125,0.736111111,0.430555556,0.819444444,0.486111111,0.597222222,0.666666667,0.638888889,0.638888889,0.763888889,0.763888889,0.652777778,0.611111111,0.666666667,0.666666667
198,MUJI/SPACE_07_MUJI_clip_018,0.8125,0.736111111,0.430555556,0.819444444,0.486111111,0.597222222,0.666666667,0.638888889,0.638888889,0.763888889,0.763888889,0.652777778,0.611111111,0.666666667,0.666666667
199,MUJI/SPACE_07_MUJI_clip_019,0.8125,0.736111111,0.430555556,0.819444444,0.486111111,0.597222222,0.666666667,0.638888889,0.638888889,0.763888889,0.763888889,0.652777778,0.611111111,0.666666667,0.666666667
200,MUJI/SPACE_07_MUJI_clip_020,0.8125,0.736111111,0.430555556,0.819444444,0.486111111,0.597222222,0.666666667,0.638888889,0.638888889,0.763888889,0.763888889,0.652777778,0.611111111,0.666666667,0.666666667
201,MUJI/SPACE_07_MUJI_clip_021,0.8125,0.736111111,0.430555556,0.819444444,0.486111111,0.597222222,0.666666667,0.638888889,0.638888889,0.763888889,0.763888889,0.652777778,0.611111111,0.666666667,0.666666667
202,MUJI/SPACE_07_MUJI_clip_022,0.8125,0.736111111,0.430555556,0.819444444,0.486111111,0.597222222,0.666666667,0.638888889,0.638888889,0.763888889,0.763888889,0.652777778,0.611111111,0.666666667,0.666666667
203,MUJI/SPACE_07_MUJI_clip_023,0.8125,0.736111111,0.430555556,0.819444444,0.486111111,0.597222222,0.666666667,0.638888889,0.638888889,0.763888889,0.763888889,0.652777778,0.611111111,0.666666667,0.666666667
204,MUJI/SPACE_07_MUJI_clip_024,0.8125,0.736111111,0.430555556,0.819444444,0.486111111,0.597222222,0.666666667,0.638888889,0.638888889,0.763888889,0.763888889,0.652777778,0.611111111,0.666666667,0.666666667
205,MUJI/SPACE_07_MUJI_clip_025,0.8125,0.736111111,0.430555556,0.819444444,0.486111111,0.597222222,0.666666667,0.638888889,0.638888889,0.763888889,0.763888889,0.652777778,0.611111111,0.666666667,0.666666667
206,MUJI/SPACE_07_MUJI_clip_026,0.8125,0.736111111,0.430555556,0.819444444,0.486111111,0.597222222,0.666666667,0.638888889,0.638888889,0.763888889,0.763888889,0.652777778,0.611111111,0.666666667,0.666666667
207,MUJI/SPACE_07_MUJI_clip_027,0.8125,0.736111111,0.430555556,0.819444444,0.486111111,0.597222222,0.666666667,0.638888889,0.638888889,0.763888889,0.763888889,0.652777778,0.611111111,0.666666667,0.666666667
208,MUJI/SPACE_07_MUJI_clip_028,0.8125,0.736111111,0.430555556,0.819444444,0.486111111,0.597222222,0.666666667,0.638888889,0.638888889,0.763888889,0.763888889,0.652777778,0.611111111,0.666666667,0.666666667
209,MUJI/SPACE_07_MUJI_clip_029,0.8125,0.736111111,0.430555556,0.819444444,0.486111111,0.597222222,0.666666667,0.638888889,0.638888889,0.763888889,0.763888889,0.652777778,0.611111111,0.666666667,0.666666667
210,MUJI/SPACE_07_MUJI_clip_030,0.8125,0.736111111,0.430555556,0.819444444,0.486111111,0.597222222,0.666666667,0.638888889,0.638888889,0.763888889,0.763888889,0.652777778,0.611111111,0.666666667,0.666666667
211,MUJI/SPACE_08_MUJI_clip_001,0.796875,0.770833333,0.416666667,0.71875,0.552083333,0.65625,0.7,0.677083333,0.71875,0.791666667,0.770833333,0.770833333,0.708333333,0.78125,0.760416667
212,MUJI/SPACE_08_MUJI_clip_002,0.796875,0.770833333,0.416666667,0.71875,0.552083333,0.65625,0.7,0.677083333,0.71875,0.791666667,0.770833333,0.770833333,0.708333333,0.78125,0.760416667
213,MUJI/SPACE_08_MUJI_clip_003,0.796875,0.770833333,0.416666667,0.71875,0.552083333,0.65625,0.7,0.677083333,0.71875,0.791666667,0.770833333,0.770833333,0.708333333,0.78125,0.760416667
214,MUJI/SPACE_08_MUJI_clip_004,0.796875,0.770833333,0.416666667,0.71875,0.552083333,0.65625,0.7,0.677083333,0.71875,0.791666667,0.770833333,0.770833333,0.708333333,0.78125,0.760416667
215,MUJI/SPACE_08_MUJI_clip_005,0.796875,0.770833333,0.416666667,0.71875,0.552083333,0.65625,0.7,0.677083333,0.71875,0.791666667,0.770833333,0.770833333,0.708333333,0.78125,0.760416667
216,MUJI/SPACE_08_MUJI_clip_006,0.796875,0.770833333,0.416666667,0.71875,0.552083333,0.65625,0.7,0.677083333,0.71875,0.791666667,0.770833333,0.770833333,0.708333333,0.78125,0.760416667
217,MUJI/SPACE_08_MUJI_clip_007,0.796875,0.770833333,0.416666667,0.71875,0.552083333,0.65625,0.7,0.677083333,0.71875,0.791666667,0.770833333,0.770833333,0.708333333,0.78125,0.760416667
218,MUJI/SPACE_08_MUJI_clip_008,0.796875,0.770833333,0.416666667,0.71875,0.552083333,0.65625,0.7,0.677083333,0.71875,0.791666667,0.770833333,0.770833333,0.708333333,0.78125,0.760416667
219,MUJI/SPACE_08_MUJI_clip_009,0.796875,0.770833333,0.416666667,0.71875,0.552083333,0.65625,0.7,0.677083333,0.71875,0.791666667,0.770833333,0.770833333,0.708333333,0.78125,0.760416667
220,MUJI/SPACE_08_MUJI_clip_010,0.796875,0.770833333,0.416666667,0.71875,0.552083333,0.65625,0.7,0.677083333,0.71875,0.791666667,0.770833333,0.770833333,0.708333333,0.78125,0.760416667
221,MUJI/SPACE_08_MUJI_clip_011,0.796875,0.770833333,0.416666667,0.71875,0.552083333,0.65625,0.7,0.677083333,0.71875,0.791666667,0.770833333,0.770833333,0.708333333,0.78125,0.760416667
222,MUJI/SPACE_08_MUJI_clip_012,0.796875,0.770833333,0.416666667,0.71875,0.552083333,0.65625,0.7,0.677083333,0.71875,0.791666667,0.770833333,0.770833333,0.708333333,0.78125,0.760416667
223,MUJI/SPACE_08_MUJI_clip_013,0.796875,0.770833333,0.416666667,0.71875,0.552083333,0.65625,0.7,0.677083333,0.71875,0.791666667,0.770833333,0.770833333,0.708333333,0.78125,0.760416667
224,MUJI/SPACE_08_MUJI_clip_014,0.796875,0.770833333,0.416666667,0.71875,0.552083333,0.65625,0.7,0.677083333,0.71875,0.791666667,0.770833333,0.770833333,0.708333333,0.78125,0.760416667
225,MUJI/SPACE_08_MUJI_clip_015,0.796875,0.770833333,0.416666667,0.71875,0.552083333,0.65625,0.7,0.677083333,0.71875,0.791666667,0.770833333,0.770833333,0.708333333,0.78125,0.760416667
226,MUJI/SPACE_08_MUJI_clip_016,0.796875,0.770833333,0.416666667,0.71875,0.552083333,0.65625,0.7,0.677083333,0.71875,0.791666667,0.770833333,0.770833333,0.708333333,0.78125,0.760416667
227,MUJI/SPACE_08_MUJI_clip_017,0.796875,0.770833333,0.416666667,0.71875,0.552083333,0.65625,0.7,0.677083333,0.71875,0.791666667,0.770833333,0.770833333,0.708333333,0.78125,0.760416667
228,MUJI/SPACE_08_MUJI_clip_018,0.796875,0.770833333,0.416666667,0.71875,0.552083333,0.65625,0.7,0.677083333,0.71875,0.791666667,0.770833333,0.770833333,0.708333333,0.78125,0.760416667
229,MUJI/SPACE_08_MUJI_clip_019,0.796875,0.770833333,0.416666667,0.71875,0.552083333,0.65625,0.7,0.677083333,0.71875,0.791666667,0.770833333,0.770833333,0.708333333,0.78125,0.760416667
230,MUJI/SPACE_08_MUJI_clip_020,0.796875,0.770833333,0.416666667,0.71875,0.552083333,0.65625,0.7,0.677083333,0.71875,0.791666667,0.770833333,0.770833333,0.708333333,0.78125,0.760416667
231,MUJI/SPACE_08_MUJI_clip_021,0.796875,0.770833333,0.416666667,0.71875,0.552083333,0.65625,0.7,0.677083333,0.71875,0.791666667,0.770833333,0.770833333,0.708333333,0.78125,0.760416667
232,MUJI/SPACE_08_MUJI_clip_022,0.796875,0.770833333,0.416666667,0.71875,0.552083333,0.65625,0.7,0.677083333,0.71875,0.791666667,0.770833333,0.770833333,0.708333333,0.78125,0.760416667
233,MUJI/SPACE_08_MUJI_clip_023,0.796875,0.770833333,0.416666667,0.71875,0.552083333,0.65625,0.7,0.677083333,0.71875,0.791666667,0.770833333,0.770833333,0.708333333,0.78125,0.760416667
234,MUJI/SPACE_08_MUJI_clip_024,0.796875,0.770833333,0.416666667,0.71875,0.552083333,0.65625,0.7,0.677083333,0.71875,0.791666667,0.770833333,0.770833333,0.708333333,0.78125,0.760416667
235,MUJI/SPACE_08_MUJI_clip_025,0.796875,0.770833333,0.416666667,0.71875,0.552083333,0.65625,0.7,0.677083333,0.71875,0.791666667,0.770833333,0.770833333,0.708333333,0.78125,0.760416667
236,MUJI/SPACE_08_MUJI_clip_026,0.796875,0.770833333,0.416666667,0.71875,0.552083333,0.65625,0.7,0.677083333,0.71875,0.791666667,0.770833333,0.770833333,0.708333333,0.78125,0.760416667
237,MUJI/SPACE_08_MUJI_clip_027,0.796875,0.770833333,0.416666667,0.71875,0.552083333,0.65625,0.7,0.677083333,0.71875,0.791666667,0.770833333,0.770833333,0.708333333,0.78125,0.760416667
238,MUJI/SPACE_08_MUJI_clip_028,0.796875,0.770833333,0.416666667,0.71875,0.552083333,0.65625,0.7,0.677083333,0.71875,0.791666667,0.770833333,0.770833333,0.708333333,0.78125,0.760416667
239,MUJI/SPACE_08_MUJI_clip_029,0.796875,0.770833333,0.416666667,0.71875,0.552083333,0.65625,0.7,0.677083333,0.71875,0.791666667,0.770833333,0.770833333,0.708333333,0.78125,0.760416667
240,MUJI/SPACE_08_MUJI_clip_030,0.796875,0.770833333,0.416666667,0.71875,0.552083333,0.65625,0.7,0.677083333,0.71875,0.791666667,0.770833333,0.770833333,0.708333333,0.78125,0.760416667
241,SCAN/SPACE_05_SCAN_clip_001,0.71875,0.677083333,0.541666667,0.645833333,0.458333333,0.635416667,0.6,0.65625,0.635416667,0.697916667,0.6875,0.708333333,0.65625,0.677083333,0.666666667
242,SCAN/SPACE_05_SCAN_clip_002,0.71875,0.677083333,0.541666667,0.645833333,0.458333333,0.635416667,0.6,0.65625,0.635416667,0.697916667,0.6875,0.708333333,0.65625,0.677083333,0.666666667
243,SCAN/SPACE_05_SCAN_clip_003,0.71875,0.677083333,0.541666667,0.645833333,0.458333333,0.635416667,0.6,0.65625,0.635416667,0.697916667,0.6875,0.708333333,0.65625,0.677083333,0.666666667
244,SCAN/SPACE_05_SCAN_clip_004,0.71875,0.677083333,0.541666667,0.645833333,0.458333333,0.635416667,0.6,0.65625,0.635416667,0.697916667,0.6875,0.708333333,0.65625,0.677083333,0.666666667
245,SCAN/SPACE_05_SCAN_clip_005,0.71875,0.677083333,0.541666667,0.645833333,0.458333333,0.635416667,0.6,0.65625,0.635416667,0.697916667,0.6875,0.708333333,0.65625,0.677083333,0.666666667
246,SCAN/SPACE_05_SCAN_clip_006,0.71875,0.677083333,0.541666667,0.645833333,0.458333333,0.635416667,0.6,0.65625,0.635416667,0.697916667,0.6875,0.708333333,0.65625,0.677083333,0.666666667
247,SCAN/SPACE_05_SCAN_clip_007,0.71875,0.677083333,0.541666667,0.645833333,0.458333333,0.635416667,0.6,0.65625,0.635416667,0.697916667,0.6875,0.708333333,0.65625,0.677083333,0.666666667
248,SCAN/SPACE_05_SCAN_clip_008,0.71875,0.677083333,0.541666667,0.645833333,0.458333333,0.635416667,0.6,0.65625,0.635416667,0.697916667,0.6875,0.708333333,0.65625,0.677083333,0.666666667
249,SCAN/SPACE_05_SCAN_clip_009,0.71875,0.677083333,0.541666667,0.645833333,0.458333333,0.635416667,0.6,0.65625,0.635416667,0.697916667,0.6875,0.708333333,0.65625,0.677083333,0.666666667
250,SCAN/SPACE_05_SCAN_clip_010,0.71875,0.677083333,0.541666667,0.645833333,0.458333333,0.635416667,0.6,0.65625,0.635416667,0.697916667,0.6875,0.708333333,0.65625,0.677083333,0.666666667
251,SCAN/SPACE_05_SCAN_clip_011,0.71875,0.677083333,0.541666667,0.645833333,0.458333333,0.635416667,0.6,0.65625,0.635416667,0.697916667,0.6875,0.708333333,0.65625,0.677083333,0.666666667
252,SCAN/SPACE_05_SCAN_clip_012,0.71875,0.677083333,0.541666667,0.645833333,0.458333333,0.635416667,0.6,0.65625,0.635416667,0.697916667,0.6875,0.708333333,0.65625,0.677083333,0.666666667
253,SCAN/SPACE_05_SCAN_clip_013,0.71875,0.677083333,0.541666667,0.645833333,0.458333333,0.635416667,0.6,0.65625,0.635416667,0.697916667,0.6875,0.708333333,0.65625,0.677083333,0.666666667
254,SCAN/SPACE_05_SCAN_clip_014,0.71875,0.677083333,0.541666667,0.645833333,0.458333333,0.635416667,0.6,0.65625,0.635416667,0.697916667,0.6875,0.708333333,0.65625,0.677083333,0.666666667
255,SCAN/SPACE_05_SCAN_clip_015,0.71875,0.677083333,0.541666667,0.645833333,0.458333333,0.635416667,0.6,0.65625,0.635416667,0.697916667,0.6875,0.708333333,0.65625,0.677083333,0.666666667
256,SCAN/SPACE_05_SCAN_clip_016,0.71875,0.677083333,0.541666667,0.645833333,0.458333333,0.635416667,0.6,0.65625,0.635416667,0.697916667,0.6875,0.708333333,0.65625,0.677083333,0.666666667
257,SCAN/SPACE_05_SCAN_clip_017,0.71875,0.677083333,0.541666667,0.645833333,0.458333333,0.635416667,0.6,0.65625,0.635416667,0.697916667,0.6875,0.708333333,0.65625,0.677083333,0.666666667
258,SCAN/SPACE_05_SCAN_clip_018,0.71875,0.677083333,0.541666667,0.645833333,0.458333333,0.635416667,0.6,0.65625,0.635416667,0.697916667,0.6875,0.708333333,0.65625,0.677083333,0.666666667
259,SCAN/SPACE_05_SCAN_clip_019,0.71875,0.677083333,0.541666667,0.645833333,0.458333333,0.635416667,0.6,0.65625,0.635416667,0.697916667,0.6875,0.708333333,0.65625,0.677083333,0.666666667
260,SCAN/SPACE_05_SCAN_clip_020,0.71875,0.677083333,0.541666667,0.645833333,0.458333333,0.635416667,0.6,0.65625,0.635416667,0.697916667,0.6875,0.708333333,0.65625,0.677083333,0.666666667
261,SCAN/SPACE_05_SCAN_clip_021,0.71875,0.677083333,0.541666667,0.645833333,0.458333333,0.635416667,0.6,0.65625,0.635416667,0.697916667,0.6875,0.708333333,0.65625,0.677083333,0.666666667
262,SCAN/SPACE_05_SCAN_clip_022,0.71875,0.677083333,0.541666667,0.645833333,0.458333333,0.635416667,0.6,0.65625,0.635416667,0.697916667,0.6875,0.708333333,0.65625,0.677083333,0.666666667
263,SCAN/SPACE_05_SCAN_clip_023,0.71875,0.677083333,0.541666667,0.645833333,0.458333333,0.635416667,0.6,0.65625,0.635416667,0.697916667,0.6875,0.708333333,0.65625,0.677083333,0.666666667
264,SCAN/SPACE_05_SCAN_clip_024,0.71875,0.677083333,0.541666667,0.645833333,0.458333333,0.635416667,0.6,0.65625,0.635416667,0.697916667,0.6875,0.708333333,0.65625,0.677083333,0.666666667
265,SCAN/SPACE_05_SCAN_clip_025,0.71875,0.677083333,0.541666667,0.645833333,0.458333333,0.635416667,0.6,0.65625,0.635416667,0.697916667,0.6875,0.708333333,0.65625,0.677083333,0.666666667
266,SCAN/SPACE_05_SCAN_clip_026,0.71875,0.677083333,0.541666667,0.645833333,0.458333333,0.635416667,0.6,0.65625,0.635416667,0.697916667,0.6875,0.708333333,0.65625,0.677083333,0.666666667
267,SCAN/SPACE_05_SCAN_clip_027,0.71875,0.677083333,0.541666667,0.645833333,0.458333333,0.635416667,0.6,0.65625,0.635416667,0.697916667,0.6875,0.708333333,0.65625,0.677083333,0.666666667
268,SCAN/SPACE_05_SCAN_clip_028,0.71875,0.677083333,0.541666667,0.645833333,0.458333333,0.635416667,0.6,0.65625,0.635416667,0.697916667,0.6875,0.708333333,0.65625,0.677083333,0.666666667
269,SCAN/SPACE_05_SCAN_clip_029,0.71875,0.677083333,0.541666667,0.645833333,0.458333333,0.635416667,0.6,0.65625,0.635416667,0.697916667,0.6875,0.708333333,0.65625,0.677083333,0.666666667
270,SCAN/SPACE_05_SCAN_clip_030,0.71875,0.677083333,0.541666667,0.645833333,0.458333333,0.635416667,0.6,0.65625,0.635416667,0.697916667,0.6875,0.708333333,0.65625,0.677083333,0.666666667
271,SCAN/SPACE_06_SCAN_clip_001,0.833333333,0.763888889,0.638888889,0.722222222,0.583333333,0.722222222,0.7,0.708333333,0.791666667,0.763888889,0.763888889,0.708333333,0.666666667,0.777777778,0.791666667
272,SCAN/SPACE_06_SCAN_clip_002,0.833333333,0.763888889,0.638888889,0.722222222,0.583333333,0.722222222,0.7,0.708333333,0.791666667,0.763888889,0.763888889,0.708333333,0.666666667,0.777777778,0.791666667
273,SCAN/SPACE_06_SCAN_clip_003,0.833333333,0.763888889,0.638888889,0.722222222,0.583333333,0.722222222,0.7,0.708333333,0.791666667,0.763888889,0.763888889,0.708333333,0.666666667,0.777777778,0.791666667
274,SCAN/SPACE_06_SCAN_clip_004,0.833333333,0.763888889,0.638888889,0.722222222,0.583333333,0.722222222,0.7,0.708333333,0.791666667,0.763888889,0.763888889,0.708333333,0.666666667,0.777777778,0.791666667
275,SCAN/SPACE_06_SCAN_clip_005,0.833333333,0.763888889,0.638888889,0.722222222,0.583333333,0.722222222,0.7,0.708333333,0.791666667,0.763888889,0.763888889,0.708333333,0.666666667,0.777777778,0.791666667
276,SCAN/SPACE_06_SCAN_clip_006,0.833333333,0.763888889,0.638888889,0.722222222,0.583333333,0.722222222,0.7,0.708333333,0.791666667,0.763888889,0.763888889,0.708333333,0.666666667,0.777777778,0.791666667
277,SCAN/SPACE_06_SCAN_clip_007,0.833333333,0.763888889,0.638888889,0.722222222,0.583333333,0.722222222,0.7,0.708333333,0.791666667,0.763888889,0.763888889,0.708333333,0.666666667,0.777777778,0.791666667
278,SCAN/SPACE_06_SCAN_clip_008,0.833333333,0.763888889,0.638888889,0.722222222,0.583333333,0.722222222,0.7,0.708333333,0.791666667,0.763888889,0.763888889,0.708333333,0.666666667,0.777777778,0.791666667
279,SCAN/SPACE_06_SCAN_clip_009,0.833333333,0.763888889,0.638888889,0.722222222,0.583333333,0.722222222,0.7,0.708333333,0.791666667,0.763888889,0.763888889,0.708333333,0.666666667,0.777777778,0.791666667
280,SCAN/SPACE_06_SCAN_clip_010,0.833333333,0.763888889,0.638888889,0.722222222,0.583333333,0.722222222,0.7,0.708333333,0.791666667,0.763888889,0.763888889,0.708333333,0.666666667,0.777777778,0.791666667
281,SCAN/SPACE_06_SCAN_clip_011,0.833333333,0.763888889,0.638888889,0.722222222,0.583333333,0.722222222,0.7,0.708333333,0.791666667,0.763888889,0.763888889,0.708333333,0.666666667,0.777777778,0.791666667
282,SCAN/SPACE_06_SCAN_clip_012,0.833333333,0.763888889,0.638888889,0.722222222,0.583333333,0.722222222,0.7,0.708333333,0.791666667,0.763888889,0.763888889,0.708333333,0.666666667,0.777777778,0.791666667
283,SCAN/SPACE_06_SCAN_clip_013,0.833333333,0.763888889,0.638888889,0.722222222,0.583333333,0.722222222,0.7,0.708333333,0.791666667,0.763888889,0.763888889,0.708333333,0.666666667,0.777777778,0.791666667
284,SCAN/SPACE_06_SCAN_clip_014,0.833333333,0.763888889,0.638888889,0.722222222,0.583333333,0.722222222,0.7,0.708333333,0.791666667,0.763888889,0.763888889,0.708333333,0.666666667,0.777777778,0.791666667
285,SCAN/SPACE_06_SCAN_clip_015,0.833333333,0.763888889,0.638888889,0.722222222,0.583333333,0.722222222,0.7,0.708333333,0.791666667,0.763888889,0.763888889,0.708333333,0.666666667,0.777777778,0.791666667
286,SCAN/SPACE_06_SCAN_clip_016,0.833333333,0.763888889,0.638888889,0.722222222,0.583333333,0.722222222,0.7,0.708333333,0.791666667,0.763888889,0.763888889,0.708333333,0.666666667,0.777777778,0.791666667
287,SCAN/SPACE_06_SCAN_clip_017,0.833333333,0.763888889,0.638888889,0.722222222,0.583333333,0.722222222,0.7,0.708333333,0.791666667,0.763888889,0.763888889,0.708333333,0.666666667,0.777777778,0.791666667
288,SCAN/SPACE_06_SCAN_clip_018,0.833333333,0.763888889,0.638888889,0.722222222,0.583333333,0.722222222,0.7,0.708333333,0.791666667,0.763888889,0.763888889,0.708333333,0.666666667,0.777777778,0.791666667
289,SCAN/SPACE_06_SCAN_clip_019,0.833333333,0.763888889,0.638888889,0.722222222,0.583333333,0.722222222,0.7,0.708333333,0.791666667,0.763888889,0.763888889,0.708333333,0.666666667,0.777777778,0.791666667
290,SCAN/SPACE_06_SCAN_clip_020,0.833333333,0.763888889,0.638888889,0.722222222,0.583333333,0.722222222,0.7,0.708333333,0.791666667,0.763888889,0.763888889,0.708333333,0.666666667,0.777777778,0.791666667
291,SCAN/SPACE_06_SCAN_clip_021,0.833333333,0.763888889,0.638888889,0.722222222,0.583333333,0.722222222,0.7,0.708333333,0.791666667,0.763888889,0.763888889,0.708333333,0.666666667,0.777777778,0.791666667
292,SCAN/SPACE_06_SCAN_clip_022,0.833333333,0.763888889,0.638888889,0.722222222,0.583333333,0.722222222,0.7,0.708333333,0.791666667,0.763888889,0.763888889,0.708333333,0.666666667,0.777777778,0.791666667
293,SCAN/SPACE_06_SCAN_clip_023,0.833333333,0.763888889,0.638888889,0.722222222,0.583333333,0.722222222,0.7,0.708333333,0.791666667,0.763888889,0.763888889,0.708333333,0.666666667,0.777777778,0.791666667
294,SCAN/SPACE_06_SCAN_clip_024,0.833333333,0.763888889,0.638888889,0.722222222,0.583333333,0.722222222,0.7,0.708333333,0.791666667,0.763888889,0.763888889,0.708333333,0.666666667,0.777777778,0.791666667
295,SCAN/SPACE_06_SCAN_clip_025,0.833333333,0.763888889,0.638888889,0.722222222,0.583333333,0.722222222,0.7,0.708333333,0.791666667,0.763888889,0.763888889,0.708333333,0.666666667,0.777777778,0.791666667
296,SCAN/SPACE_06_SCAN_clip_026,0.833333333,0.763888889,0.638888889,0.722222222,0.583333333,0.722222222,0.7,0.708333333,0.791666667,0.763888889,0.763888889,0.708333333,0.666666667,0.777777778,0.791666667
297,SCAN/SPACE_06_SCAN_clip_027,0.833333333,0.763888889,0.638888889,0.722222222,0.583333333,0.722222222,0.7,0.708333333,0.791666667,0.763888889,0.763888889,0.708333333,0.666666667,0.777777778,0.791666667
298,SCAN/SPACE_06_SCAN_clip_028,0.833333333,0.763888889,0.638888889,0.722222222,0.583333333,0.722222222,0.7,0.708333333,0.791666667,0.763888889,0.763888889,0.708333333,0.666666667,0.777777778,0.791666667
299,SCAN/SPACE_06_SCAN_clip_029,0.833333333,0.763888889,0.638888889,0.722222222,0.583333333,0.722222222,0.7,0.708333333,0.791666667,0.763888889,0.763888889,0.708333333,0.666666667,0.777777778,0.791666667
300,SCAN/SPACE_06_SCAN_clip_030,0.833333333,0.763888889,0.638888889,0.722222222,0.583333333,0.722222222,0.7,0.708333333,0.791666667,0.763888889,0.763888889,0.708333333,0.666666667,0.777777778,0.791666667
301,SCAN/SPACE_07_SCAN_clip_001,0.833333333,0.611111111,0.444444444,0.722222222,0.430555556,0.680555556,0.716666667,0.694444444,0.652777778,0.75,0.694444444,0.736111111,0.638888889,0.708333333,0.722222222
302,SCAN/SPACE_07_SCAN_clip_002,0.833333333,0.611111111,0.444444444,0.722222222,0.430555556,0.680555556,0.716666667,0.694444444,0.652777778,0.75,0.694444444,0.736111111,0.638888889,0.708333333,0.722222222
303,SCAN/SPACE_07_SCAN_clip_003,0.833333333,0.611111111,0.444444444,0.722222222,0.430555556,0.680555556,0.716666667,0.694444444,0.652777778,0.75,0.694444444,0.736111111,0.638888889,0.708333333,0.722222222
304,SCAN/SPACE_07_SCAN_clip_004,0.833333333,0.611111111,0.444444444,0.722222222,0.430555556,0.680555556,0.716666667,0.694444444,0.652777778,0.75,0.694444444,0.736111111,0.638888889,0.708333333,0.722222222
305,SCAN/SPACE_07_SCAN_clip_005,0.833333333,0.611111111,0.444444444,0.722222222,0.430555556,0.680555556,0.716666667,0.694444444,0.652777778,0.75,0.694444444,0.736111111,0.638888889,0.708333333,0.722222222
306,SCAN/SPACE_07_SCAN_clip_006,0.833333333,0.611111111,0.444444444,0.722222222,0.430555556,0.680555556,0.716666667,0.694444444,0.652777778,0.75,0.694444444,0.736111111,0.638888889,0.708333333,0.722222222
307,SCAN/SPACE_07_SCAN_clip_007,0.833333333,0.611111111,0.444444444,0.722222222,0.430555556,0.680555556,0.716666667,0.694444444,0.652777778,0.75,0.694444444,0.736111111,0.638888889,0.708333333,0.722222222
308,SCAN/SPACE_07_SCAN_clip_008,0.833333333,0.611111111,0.444444444,0.722222222,0.430555556,0.680555556,0.716666667,0.694444444,0.652777778,0.75,0.694444444,0.736111111,0.638888889,0.708333333,0.722222222
309,SCAN/SPACE_07_SCAN_clip_009,0.833333333,0.611111111,0.444444444,0.722222222,0.430555556,0.680555556,0.716666667,0.694444444,0.652777778,0.75,0.694444444,0.736111111,0.638888889,0.708333333,0.722222222
310,SCAN/SPACE_07_SCAN_clip_010,0.833333333,0.611111111,0.444444444,0.722222222,0.430555556,0.680555556,0.716666667,0.694444444,0.652777778,0.75,0.694444444,0.736111111,0.638888889,0.708333333,0.722222222
311,SCAN/SPACE_07_SCAN_clip_011,0.833333333,0.611111111,0.444444444,0.722222222,0.430555556,0.680555556,0.716666667,0.694444444,0.652777778,0.75,0.694444444,0.736111111,0.638888889,0.708333333,0.722222222
312,SCAN/SPACE_07_SCAN_clip_012,0.833333333,0.611111111,0.444444444,0.722222222,0.430555556,0.680555556,0.716666667,0.694444444,0.652777778,0.75,0.694444444,0.736111111,0.638888889,0.708333333,0.722222222
313,SCAN/SPACE_07_SCAN_clip_013,0.833333333,0.611111111,0.444444444,0.722222222,0.430555556,0.680555556,0.716666667,0.694444444,0.652777778,0.75,0.694444444,0.736111111,0.638888889,0.708333333,0.722222222
314,SCAN/SPACE_07_SCAN_clip_014,0.833333333,0.611111111,0.444444444,0.722222222,0.430555556,0.680555556,0.716666667,0.694444444,0.652777778,0.75,0.694444444,0.736111111,0.638888889,0.708333333,0.722222222
315,SCAN/SPACE_07_SCAN_clip_015,0.833333333,0.611111111,0.444444444,0.722222222,0.430555556,0.680555556,0.716666667,0.694444444,0.652777778,0.75,0.694444444,0.736111111,0.638888889,0.708333333,0.722222222
316,SCAN/SPACE_07_SCAN_clip_016,0.833333333,0.611111111,0.444444444,0.722222222,0.430555556,0.680555556,0.716666667,0.694444444,0.652777778,0.75,0.694444444,0.736111111,0.638888889,0.708333333,0.722222222
317,SCAN/SPACE_07_SCAN_clip_017,0.833333333,0.611111111,0.444444444,0.722222222,0.430555556,0.680555556,0.716666667,0.694444444,0.652777778,0.75,0.694444444,0.736111111,0.638888889,0.708333333,0.722222222
318,SCAN/SPACE_07_SCAN_clip_018,0.833333333,0.611111111,0.444444444,0.722222222,0.430555556,0.680555556,0.716666667,0.694444444,0.652777778,0.75,0.694444444,0.736111111,0.638888889,0.708333333,0.722222222
319,SCAN/SPACE_07_SCAN_clip_019,0.833333333,0.611111111,0.444444444,0.722222222,0.430555556,0.680555556,0.716666667,0.694444444,0.652777778,0.75,0.694444444,0.736111111,0.638888889,0.708333333,0.722222222
320,SCAN/SPACE_07_SCAN_clip_020,0.833333333,0.611111111,0.444444444,0.722222222,0.430555556,0.680555556,0.716666667,0.694444444,0.652777778,0.75,0.694444444,0.736111111,0.638888889,0.708333333,0.722222222
321,SCAN/SPACE_07_SCAN_clip_021,0.833333333,0.611111111,0.444444444,0.722222222,0.430555556,0.680555556,0.716666667,0.694444444,0.652777778,0.75,0.694444444,0.736111111,0.638888889,0.708333333,0.722222222
322,SCAN/SPACE_07_SCAN_clip_022,0.833333333,0.611111111,0.444444444,0.722222222,0.430555556,0.680555556,0.716666667,0.694444444,0.652777778,0.75,0.694444444,0.736111111,0.638888889,0.708333333,0.722222222
323,SCAN/SPACE_07_SCAN_clip_023,0.833333333,0.611111111,0.444444444,0.722222222,0.430555556,0.680555556,0.716666667,0.694444444,0.652777778,0.75,0.694444444,0.736111111,0.638888889,0.708333333,0.722222222
324,SCAN/SPACE_07_SCAN_clip_024,0.833333333,0.611111111,0.444444444,0.722222222,0.430555556,0.680555556,0.716666667,0.694444444,0.652777778,0.75,0.694444444,0.736111111,0.638888889,0.708333333,0.722222222
325,SCAN/SPACE_07_SCAN_clip_025,0.833333333,0.611111111,0.444444444,0.722222222,0.430555556,0.680555556,0.716666667,0.694444444,0.652777778,0.75,0.694444444,0.736111111,0.638888889,0.708333333,0.722222222
326,SCAN/SPACE_07_SCAN_clip_026,0.833333333,0.611111111,0.444444444,0.722222222,0.430555556,0.680555556,0.716666667,0.694444444,0.652777778,0.75,0.694444444,0.736111111,0.638888889,0.708333333,0.722222222
327,SCAN/SPACE_07_SCAN_clip_027,0.833333333,0.611111111,0.444444444,0.722222222,0.430555556,0.680555556,0.716666667,0.694444444,0.652777778,0.75,0.694444444,0.736111111,0.638888889,0.708333333,0.722222222
328,SCAN/SPACE_07_SCAN_clip_028,0.833333333,0.611111111,0.444444444,0.722222222,0.430555556,0.680555556,0.716666667,0.694444444,0.652777778,0.75,0.694444444,0.736111111,0.638888889,0.708333333,0.722222222
329,SCAN/SPACE_07_SCAN_clip_029,0.833333333,0.611111111,0.444444444,0.722222222,0.430555556,0.680555556,0.716666667,0.694444444,0.652777778,0.75,0.694444444,0.736111111,0.638888889,0.708333333,0.722222222
330,SCAN/SPACE_07_SCAN_clip_030,0.833333333,0.611111111,0.444444444,0.722222222,0.430555556,0.680555556,0.716666667,0.694444444,0.652777778,0.75,0.694444444,0.736111111,0.638888889,0.708333333,0.722222222
331,SCAN/SPACE_08_SCAN_clip_001,0.8125,0.770833333,0.510416667,0.729166667,0.5625,0.6875,0.7375,0.708333333,0.729166667,0.791666667,0.802083333,0.71875,0.677083333,0.78125,0.802083333
332,SCAN/SPACE_08_SCAN_clip_002,0.8125,0.770833333,0.510416667,0.729166667,0.5625,0.6875,0.7375,0.708333333,0.729166667,0.791666667,0.802083333,0.71875,0.677083333,0.78125,0.802083333
333,SCAN/SPACE_08_SCAN_clip_003,0.8125,0.770833333,0.510416667,0.729166667,0.5625,0.6875,0.7375,0.708333333,0.729166667,0.791666667,0.802083333,0.71875,0.677083333,0.78125,0.802083333
334,SCAN/SPACE_08_SCAN_clip_004,0.8125,0.770833333,0.510416667,0.729166667,0.5625,0.6875,0.7375,0.708333333,0.729166667,0.791666667,0.802083333,0.71875,0.677083333,0.78125,0.802083333
335,SCAN/SPACE_08_SCAN_clip_005,0.8125,0.770833333,0.510416667,0.729166667,0.5625,0.6875,0.7375,0.708333333,0.729166667,0.791666667,0.802083333,0.71875,0.677083333,0.78125,0.802083333
336,SCAN/SPACE_08_SCAN_clip_006,0.8125,0.770833333,0.510416667,0.729166667,0.5625,0.6875,0.7375,0.708333333,0.729166667,0.791666667,0.802083333,0.71875,0.677083333,0.78125,0.802083333
337,SCAN/SPACE_08_SCAN_clip_007,0.8125,0.770833333,0.510416667,0.729166667,0.5625,0.6875,0.7375,0.708333333,0.729166667,0.791666667,0.802083333,0.71875,0.677083333,0.78125,0.802083333
338,SCAN/SPACE_08_SCAN_clip_008,0.8125,0.770833333,0.510416667,0.729166667,0.5625,0.6875,0.7375,0.708333333,0.729166667,0.791666667,0.802083333,0.71875,0.677083333,0.78125,0.802083333
339,SCAN/SPACE_08_SCAN_clip_009,0.8125,0.770833333,0.510416667,0.729166667,0.5625,0.6875,0.7375,0.708333333,0.729166667,0.791666667,0.802083333,0.71875,0.677083333,0.78125,0.802083333
340,SCAN/SPACE_08_SCAN_clip_010,0.8125,0.770833333,0.510416667,0.729166667,0.5625,0.6875,0.7375,0.708333333,0.729166667,0.791666667,0.802083333,0.71875,0.677083333,0.78125,0.802083333
341,SCAN/SPACE_08_SCAN_clip_011,0.8125,0.770833333,0.510416667,0.729166667,0.5625,0.6875,0.7375,0.708333333,0.729166667,0.791666667,0.802083333,0.71875,0.677083333,0.78125,0.802083333
342,SCAN/SPACE_08_SCAN_clip_012,0.8125,0.770833333,0.510416667,0.729166667,0.5625,0.6875,0.7375,0.708333333,0.729166667,0.791666667,0.802083333,0.71875,0.677083333,0.78125,0.802083333
343,SCAN/SPACE_08_SCAN_clip_013,0.8125,0.770833333,0.510416667,0.729166667,0.5625,0.6875,0.7375,0.708333333,0.729166667,0.791666667,0.802083333,0.71875,0.677083333,0.78125,0.802083333
344,SCAN/SPACE_08_SCAN_clip_014,0.8125,0.770833333,0.510416667,0.729166667,0.5625,0.6875,0.7375,0.708333333,0.729166667,0.791666667,0.802083333,0.71875,0.677083333,0.78125,0.802083333
345,SCAN/SPACE_08_SCAN_clip_015,0.8125,0.770833333,0.510416667,0.729166667,0.5625,0.6875,0.7375,0.708333333,0.729166667,0.791666667,0.802083333,0.71875,0.677083333,0.78125,0.802083333
346,SCAN/SPACE_08_SCAN_clip_016,0.8125,0.770833333,0.510416667,0.729166667,0.5625,0.6875,0.7375,0.708333333,0.729166667,0.791666667,0.802083333,0.71875,0.677083333,0.78125,0.802083333
347,SCAN/SPACE_08_SCAN_clip_017,0.8125,0.770833333,0.510416667,0.729166667,0.5625,0.6875,0.7375,0.708333333,0.729166667,0.791666667,0.802083333,0.71875,0.677083333,0.78125,0.802083333
348,SCAN/SPACE_08_SCAN_clip_018,0.8125,0.770833333,0.510416667,0.729166667,0.5625,0.6875,0.7375,0.708333333,0.729166667,0.791666667,0.802083333,0.71875,0.677083333,0.78125,0.802083333
349,SCAN/SPACE_08_SCAN_clip_019,0.8125,0.770833333,0.510416667,0.729166667,0.5625,0.6875,0.7375,0.708333333,0.729166667,0.791666667,0.802083333,0.71875,0.677083333,0.78125,0.802083333
350,SCAN/SPACE_08_SCAN_clip_020,0.8125,0.770833333,0.510416667,0.729166667,0.5625,0.6875,0.7375,0.708333333,0.729166667,0.791666667,0.802083333,0.71875,0.677083333,0.78125,0.802083333
351,SCAN/SPACE_08_SCAN_clip_021,0.8125,0.770833333,0.510416667,0.729166667,0.5625,0.6875,0.7375,0.708333333,0.729166667,0.791666667,0.802083333,0.71875,0.677083333,0.78125,0.802083333
352,SCAN/SPACE_08_SCAN_clip_022,0.8125,0.770833333,0.510416667,0.729166667,0.5625,0.6875,0.7375,0.708333333,0.729166667,0.791666667,0.802083333,0.71875,0.677083333,0.78125,0.802083333
353,SCAN/SPACE_08_SCAN_clip_023,0.8125,0.770833333,0.510416667,0.729166667,0.5625,0.6875,0.7375,0.708333333,0.729166667,0.791666667,0.802083333,0.71875,0.677083333,0.78125,0.802083333
354,SCAN/SPACE_08_SCAN_clip_024,0.8125,0.770833333,0.510416667,0.729166667,0.5625,0.6875,0.7375,0.708333333,0.729166667,0.791666667,0.802083333,0.71875,0.677083333,0.78125,0.802083333
355,SCAN/SPACE_08_SCAN_clip_025,0.8125,0.770833333,0.510416667,0.729166667,0.5625,0.6875,0.7375,0.708333333,0.729166667,0.791666667,0.802083333,0.71875,0.677083333,0.78125,0.802083333
356,SCAN/SPACE_08_SCAN_clip_026,0.8125,0.770833333,0.510416667,0.729166667,0.5625,0.6875,0.7375,0.708333333,0.729166667,0.791666667,0.802083333,0.71875,0.677083333,0.78125,0.802083333
357,SCAN/SPACE_08_SCAN_clip_027,0.8125,0.770833333,0.510416667,0.729166667,0.5625,0.6875,0.7375,0.708333333,0.729166667,0.791666667,0.802083333,0.71875,0.677083333,0.78125,0.802083333
358,SCAN/SPACE_08_SCAN_clip_028,0.8125,0.770833333,0.510416667,0.729166667,0.5625,0.6875,0.7375,0.708333333,0.729166667,0.791666667,0.802083333,0.71875,0.677083333,0.78125,0.802083333
359,SCAN/SPACE_08_SCAN_clip_029,0.8125,0.770833333,0.510416667,0.729166667,0.5625,0.6875,0.7375,0.708333333,0.729166667,0.791666667,0.802083333,0.71875,0.677083333,0.78125,0.802083333
360,SCAN/SPACE_08_SCAN_clip_030,0.8125,0.770833333,0.510416667,0.729166667,0.5625,0.6875,0.7375,0.708333333,0.729166667,0.791666667,0.802083333,0.71875,0.677083333,0.78125,0.802083333
361,WABI/SPACE_05_WABI_clip_001,0.640625,0.65625,0.395833333,0.697916667,0.4375,0.447916667,0.5625,0.458333333,0.552083333,0.604166667,0.65625,0.604166667,0.604166667,0.614583333,0.583333333
362,WABI/SPACE_05_WABI_clip_002,0.640625,0.65625,0.395833333,0.697916667,0.4375,0.447916667,0.5625,0.458333333,0.552083333,0.604166667,0.65625,0.604166667,0.604166667,0.614583333,0.583333333
363,WABI/SPACE_05_WABI_clip_003,0.640625,0.65625,0.395833333,0.697916667,0.4375,0.447916667,0.5625,0.458333333,0.552083333,0.604166667,0.65625,0.604166667,0.604166667,0.614583333,0.583333333
364,WABI/SPACE_05_WABI_clip_004,0.640625,0.65625,0.395833333,0.697916667,0.4375,0.447916667,0.5625,0.458333333,0.552083333,0.604166667,0.65625,0.604166667,0.604166667,0.614583333,0.583333333
365,WABI/SPACE_05_WABI_clip_005,0.640625,0.65625,0.395833333,0.697916667,0.4375,0.447916667,0.5625,0.458333333,0.552083333,0.604166667,0.65625,0.604166667,0.604166667,0.614583333,0.583333333
366,WABI/SPACE_05_WABI_clip_006,0.640625,0.65625,0.395833333,0.697916667,0.4375,0.447916667,0.5625,0.458333333,0.552083333,0.604166667,0.65625,0.604166667,0.604166667,0.614583333,0.583333333
367,WABI/SPACE_05_WABI_clip_007,0.640625,0.65625,0.395833333,0.697916667,0.4375,0.447916667,0.5625,0.458333333,0.552083333,0.604166667,0.65625,0.604166667,0.604166667,0.614583333,0.583333333
368,WABI/SPACE_05_WABI_clip_008,0.640625,0.65625,0.395833333,0.697916667,0.4375,0.447916667,0.5625,0.458333333,0.552083333,0.604166667,0.65625,0.604166667,0.604166667,0.614583333,0.583333333
369,WABI/SPACE_05_WABI_clip_009,0.640625,0.65625,0.395833333,0.697916667,0.4375,0.447916667,0.5625,0.458333333,0.552083333,0.604166667,0.65625,0.604166667,0.604166667,0.614583333,0.583333333
370,WABI/SPACE_05_WABI_clip_010,0.640625,0.65625,0.395833333,0.697916667,0.4375,0.447916667,0.5625,0.458333333,0.552083333,0.604166667,0.65625,0.604166667,0.604166667,0.614583333,0.583333333
371,WABI/SPACE_05_WABI_clip_011,0.640625,0.65625,0.395833333,0.697916667,0.4375,0.447916667,0.5625,0.458333333,0.552083333,0.604166667,0.65625,0.604166667,0.604166667,0.614583333,0.583333333
372,WABI/SPACE_05_WABI_clip_012,0.640625,0.65625,0.395833333,0.697916667,0.4375,0.447916667,0.5625,0.458333333,0.552083333,0.604166667,0.65625,0.604166667,0.604166667,0.614583333,0.583333333
373,WABI/SPACE_05_WABI_clip_013,0.640625,0.65625,0.395833333,0.697916667,0.4375,0.447916667,0.5625,0.458333333,0.552083333,0.604166667,0.65625,0.604166667,0.604166667,0.614583333,0.583333333
374,WABI/SPACE_05_WABI_clip_014,0.640625,0.65625,0.395833333,0.697916667,0.4375,0.447916667,0.5625,0.458333333,0.552083333,0.604166667,0.65625,0.604166667,0.604166667,0.614583333,0.583333333
375,WABI/SPACE_05_WABI_clip_015,0.640625,0.65625,0.395833333,0.697916667,0.4375,0.447916667,0.5625,0.458333333,0.552083333,0.604166667,0.65625,0.604166667,0.604166667,0.614583333,0.583333333
376,WABI/SPACE_05_WABI_clip_016,0.640625,0.65625,0.395833333,0.697916667,0.4375,0.447916667,0.5625,0.458333333,0.552083333,0.604166667,0.65625,0.604166667,0.604166667,0.614583333,0.583333333
377,WABI/SPACE_05_WABI_clip_017,0.640625,0.65625,0.395833333,0.697916667,0.4375,0.447916667,0.5625,0.458333333,0.552083333,0.604166667,0.65625,0.604166667,0.604166667,0.614583333,0.583333333
378,WABI/SPACE_05_WABI_clip_018,0.640625,0.65625,0.395833333,0.697916667,0.4375,0.447916667,0.5625,0.458333333,0.552083333,0.604166667,0.65625,0.604166667,0.604166667,0.614583333,0.583333333
379,WABI/SPACE_05_WABI_clip_019,0.640625,0.65625,0.395833333,0.697916667,0.4375,0.447916667,0.5625,0.458333333,0.552083333,0.604166667,0.65625,0.604166667,0.604166667,0.614583333,0.583333333
380,WABI/SPACE_05_WABI_clip_020,0.640625,0.65625,0.395833333,0.697916667,0.4375,0.447916667,0.5625,0.458333333,0.552083333,0.604166667,0.65625,0.604166667,0.604166667,0.614583333,0.583333333
381,WABI/SPACE_05_WABI_clip_021,0.640625,0.65625,0.395833333,0.697916667,0.4375,0.447916667,0.5625,0.458333333,0.552083333,0.604166667,0.65625,0.604166667,0.604166667,0.614583333,0.583333333
382,WABI/SPACE_05_WABI_clip_022,0.640625,0.65625,0.395833333,0.697916667,0.4375,0.447916667,0.5625,0.458333333,0.552083333,0.604166667,0.65625,0.604166667,0.604166667,0.614583333,0.583333333
383,WABI/SPACE_05_WABI_clip_023,0.640625,0.65625,0.395833333,0.697916667,0.4375,0.447916667,0.5625,0.458333333,0.552083333,0.604166667,0.65625,0.604166667,0.604166667,0.614583333,0.583333333
384,WABI/SPACE_05_WABI_clip_024,0.640625,0.65625,0.395833333,0.697916667,0.4375,0.447916667,0.5625,0.458333333,0.552083333,0.604166667,0.65625,0.604166667,0.604166667,0.614583333,0.583333333
385,WABI/SPACE_05_WABI_clip_025,0.640625,0.65625,0.395833333,0.697916667,0.4375,0.447916667,0.5625,0.458333333,0.552083333,0.604166667,0.65625,0.604166667,0.604166667,0.614583333,0.583333333
386,WABI/SPACE_05_WABI_clip_026,0.640625,0.65625,0.395833333,0.697916667,0.4375,0.447916667,0.5625,0.458333333,0.552083333,0.604166667,0.65625,0.604166667,0.604166667,0.614583333,0.583333333
387,WABI/SPACE_05_WABI_clip_027,0.640625,0.65625,0.395833333,0.697916667,0.4375,0.447916667,0.5625,0.458333333,0.552083333,0.604166667,0.65625,0.604166667,0.604166667,0.614583333,0.583333333
388,WABI/SPACE_05_WABI_clip_028,0.640625,0.65625,0.395833333,0.697916667,0.4375,0.447916667,0.5625,0.458333333,0.552083333,0.604166667,0.65625,0.604166667,0.604166667,0.614583333,0.583333333
389,WABI/SPACE_05_WABI_clip_029,0.640625,0.65625,0.395833333,0.697916667,0.4375,0.447916667,0.5625,0.458333333,0.552083333,0.604166667,0.65625,0.604166667,0.604166667,0.614583333,0.583333333
390,WABI/SPACE_05_WABI_clip_030,0.640625,0.65625,0.395833333,0.697916667,0.4375,0.447916667,0.5625,0.458333333,0.552083333,0.604166667,0.65625,0.604166667,0.604166667,0.614583333,0.583333333
391,WABI/SPACE_06_WABI_clip_001,0.625,0.583333333,0.513888889,0.652777778,0.319444444,0.458333333,0.416666667,0.444444444,0.430555556,0.486111111,0.444444444,0.444444444,0.444444444,0.541666667,0.486111111
392,WABI/SPACE_06_WABI_clip_002,0.625,0.583333333,0.513888889,0.652777778,0.319444444,0.458333333,0.416666667,0.444444444,0.430555556,0.486111111,0.444444444,0.444444444,0.444444444,0.541666667,0.486111111
393,WABI/SPACE_06_WABI_clip_003,0.625,0.583333333,0.513888889,0.652777778,0.319444444,0.458333333,0.416666667,0.444444444,0.430555556,0.486111111,0.444444444,0.444444444,0.444444444,0.541666667,0.486111111
394,WABI/SPACE_06_WABI_clip_004,0.625,0.583333333,0.513888889,0.652777778,0.319444444,0.458333333,0.416666667,0.444444444,0.430555556,0.486111111,0.444444444,0.444444444,0.444444444,0.541666667,0.486111111
395,WABI/SPACE_06_WABI_clip_005,0.625,0.583333333,0.513888889,0.652777778,0.319444444,0.458333333,0.416666667,0.444444444,0.430555556,0.486111111,0.444444444,0.444444444,0.444444444,0.541666667,0.486111111
396,WABI/SPACE_06_WABI_clip_006,0.625,0.583333333,0.513888889,0.652777778,0.319444444,0.458333333,0.416666667,0.444444444,0.430555556,0.486111111,0.444444444,0.444444444,0.444444444,0.541666667,0.486111111
397,WABI/SPACE_06_WABI_clip_007,0.625,0.583333333,0.513888889,0.652777778,0.319444444,0.458333333,0.416666667,0.444444444,0.430555556,0.486111111,0.444444444,0.444444444,0.444444444,0.541666667,0.486111111
398,WABI/SPACE_06_WABI_clip_008,0.625,0.583333333,0.513888889,0.652777778,0.319444444,0.458333333,0.416666667,0.444444444,0.430555556,0.486111111,0.444444444,0.444444444,0.444444444,0.541666667,0.486111111
399,WABI/SPACE_06_WABI_clip_009,0.625,0.583333333,0.513888889,0.652777778,0.319444444,0.458333333,0.416666667,0.444444444,0.430555556,0.486111111,0.444444444,0.444444444,0.444444444,0.541666667,0.486111111
400,WABI/SPACE_06_WABI_clip_010,0.625,0.583333333,0.513888889,0.652777778,0.319444444,0.458333333,0.416666667,0.444444444,0.430555556,0.486111111,0.444444444,0.444444444,0.444444444,0.541666667,0.486111111
401,WABI/SPACE_06_WABI_clip_011,0.625,0.583333333,0.513888889,0.652777778,0.319444444,0.458333333,0.416666667,0.444444444,0.430555556,0.486111111,0.444444444,0.444444444,0.444444444,0.541666667,0.486111111
402,WABI/SPACE_06_WABI_clip_012,0.625,0.583333333,0.513888889,0.652777778,0.319444444,0.458333333,0.416666667,0.444444444,0.430555556,0.486111111,0.444444444,0.444444444,0.444444444,0.541666667,0.486111111
403,WABI/SPACE_06_WABI_clip_013,0.625,0.583333333,0.513888889,0.652777778,0.319444444,0.458333333,0.416666667,0.444444444,0.430555556,0.486111111,0.444444444,0.444444444,0.444444444,0.541666667,0.486111111
404,WABI/SPACE_06_WABI_clip_014,0.625,0.583333333,0.513888889,0.652777778,0.319444444,0.458333333,0.416666667,0.444444444,0.430555556,0.486111111,0.444444444,0.444444444,0.444444444,0.541666667,0.486111111
405,WABI/SPACE_06_WABI_clip_015,0.625,0.583333333,0.513888889,0.652777778,0.319444444,0.458333333,0.416666667,0.444444444,0.430555556,0.486111111,0.444444444,0.444444444,0.444444444,0.541666667,0.486111111
406,WABI/SPACE_06_WABI_clip_016,0.625,0.583333333,0.513888889,0.652777778,0.319444444,0.458333333,0.416666667,0.444444444,0.430555556,0.486111111,0.444444444,0.444444444,0.444444444,0.541666667,0.486111111
407,WABI/SPACE_06_WABI_clip_017,0.625,0.583333333,0.513888889,0.652777778,0.319444444,0.458333333,0.416666667,0.444444444,0.430555556,0.486111111,0.444444444,0.444444444,0.444444444,0.541666667,0.486111111
408,WABI/SPACE_06_WABI_clip_018,0.625,0.583333333,0.513888889,0.652777778,0.319444444,0.458333333,0.416666667,0.444444444,0.430555556,0.486111111,0.444444444,0.444444444,0.444444444,0.541666667,0.486111111
409,WABI/SPACE_06_WABI_clip_019,0.625,0.583333333,0.513888889,0.652777778,0.319444444,0.458333333,0.416666667,0.444444444,0.430555556,0.486111111,0.444444444,0.444444444,0.444444444,0.541666667,0.486111111
410,WABI/SPACE_06_WABI_clip_020,0.625,0.583333333,0.513888889,0.652777778,0.319444444,0.458333333,0.416666667,0.444444444,0.430555556,0.486111111,0.444444444,0.444444444,0.444444444,0.541666667,0.486111111
411,WABI/SPACE_06_WABI_clip_021,0.625,0.583333333,0.513888889,0.652777778,0.319444444,0.458333333,0.416666667,0.444444444,0.430555556,0.486111111,0.444444444,0.444444444,0.444444444,0.541666667,0.486111111
412,WABI/SPACE_06_WABI_clip_022,0.625,0.583333333,0.513888889,0.652777778,0.319444444,0.458333333,0.416666667,0.444444444,0.430555556,0.486111111,0.444444444,0.444444444,0.444444444,0.541666667,0.486111111
413,WABI/SPACE_06_WABI_clip_023,0.625,0.583333333,0.513888889,0.652777778,0.319444444,0.458333333,0.416666667,0.444444444,0.430555556,0.486111111,0.444444444,0.444444444,0.444444444,0.541666667,0.486111111
414,WABI/SPACE_06_WABI_clip_024,0.625,0.583333333,0.513888889,0.652777778,0.319444444,0.458333333,0.416666667,0.444444444,0.430555556,0.486111111,0.444444444,0.444444444,0.444444444,0.541666667,0.486111111
415,WABI/SPACE_06_WABI_clip_025,0.625,0.583333333,0.513888889,0.652777778,0.319444444,0.458333333,0.416666667,0.444444444,0.430555556,0.486111111,0.444444444,0.444444444,0.444444444,0.541666667,0.486111111
416,WABI/SPACE_06_WABI_clip_026,0.625,0.583333333,0.513888889,0.652777778,0.319444444,0.458333333,0.416666667,0.444444444,0.430555556,0.486111111,0.444444444,0.444444444,0.444444444,0.541666667,0.486111111
417,WABI/SPACE_06_WABI_clip_027,0.625,0.583333333,0.513888889,0.652777778,0.319444444,0.458333333,0.416666667,0.444444444,0.430555556,0.486111111,0.444444444,0.444444444,0.444444444,0.541666667,0.486111111
418,WABI/SPACE_06_WABI_clip_028,0.625,0.583333333,0.513888889,0.652777778,0.319444444,0.458333333,0.416666667,0.444444444,0.430555556,0.486111111,0.444444444,0.444444444,0.444444444,0.541666667,0.486111111
419,WABI/SPACE_06_WABI_clip_029,0.625,0.583333333,0.513888889,0.652777778,0.319444444,0.458333333,0.416666667,0.444444444,0.430555556,0.486111111,0.444444444,0.444444444,0.444444444,0.541666667,0.486111111
420,WABI/SPACE_06_WABI_clip_030,0.625,0.583333333,0.513888889,0.652777778,0.319444444,0.458333333,0.416666667,0.444444444,0.430555556,0.486111111,0.444444444,0.444444444,0.444444444,0.541666667,0.486111111
421,WABI/SPACE_07_WABI_clip_001,0.666666667,0.430555556,0.444444444,0.708333333,0.236111111,0.527777778,0.633333333,0.541666667,0.555555556,0.680555556,0.638888889,0.611111111,0.597222222,0.680555556,0.652777778
422,WABI/SPACE_07_WABI_clip_002,0.666666667,0.430555556,0.444444444,0.708333333,0.236111111,0.527777778,0.633333333,0.541666667,0.555555556,0.680555556,0.638888889,0.611111111,0.597222222,0.680555556,0.652777778
423,WABI/SPACE_07_WABI_clip_003,0.666666667,0.430555556,0.444444444,0.708333333,0.236111111,0.527777778,0.633333333,0.541666667,0.555555556,0.680555556,0.638888889,0.611111111,0.597222222,0.680555556,0.652777778
424,WABI/SPACE_07_WABI_clip_004,0.666666667,0.430555556,0.444444444,0.708333333,0.236111111,0.527777778,0.633333333,0.541666667,0.555555556,0.680555556,0.638888889,0.611111111,0.597222222,0.680555556,0.652777778
425,WABI/SPACE_07_WABI_clip_005,0.666666667,0.430555556,0.444444444,0.708333333,0.236111111,0.527777778,0.633333333,0.541666667,0.555555556,0.680555556,0.638888889,0.611111111,0.597222222,0.680555556,0.652777778
426,WABI/SPACE_07_WABI_clip_006,0.666666667,0.430555556,0.444444444,0.708333333,0.236111111,0.527777778,0.633333333,0.541666667,0.555555556,0.680555556,0.638888889,0.611111111,0.597222222,0.680555556,0.652777778
427,WABI/SPACE_07_WABI_clip_007,0.666666667,0.430555556,0.444444444,0.708333333,0.236111111,0.527777778,0.633333333,0.541666667,0.555555556,0.680555556,0.638888889,0.611111111,0.597222222,0.680555556,0.652777778
428,WABI/SPACE_07_WABI_clip_008,0.666666667,0.430555556,0.444444444,0.708333333,0.236111111,0.527777778,0.633333333,0.541666667,0.555555556,0.680555556,0.638888889,0.611111111,0.597222222,0.680555556,0.652777778
429,WABI/SPACE_07_WABI_clip_009,0.666666667,0.430555556,0.444444444,0.708333333,0.236111111,0.527777778,0.633333333,0.541666667,0.555555556,0.680555556,0.638888889,0.611111111,0.597222222,0.680555556,0.652777778
430,WABI/SPACE_07_WABI_clip_010,0.666666667,0.430555556,0.444444444,0.708333333,0.236111111,0.527777778,0.633333333,0.541666667,0.555555556,0.680555556,0.638888889,0.611111111,0.597222222,0.680555556,0.652777778
431,WABI/SPACE_07_WABI_clip_011,0.666666667,0.430555556,0.444444444,0.708333333,0.236111111,0.527777778,0.633333333,0.541666667,0.555555556,0.680555556,0.638888889,0.611111111,0.597222222,0.680555556,0.652777778
432,WABI/SPACE_07_WABI_clip_012,0.666666667,0.430555556,0.444444444,0.708333333,0.236111111,0.527777778,0.633333333,0.541666667,0.555555556,0.680555556,0.638888889,0.611111111,0.597222222,0.680555556,0.652777778
433,WABI/SPACE_07_WABI_clip_013,0.666666667,0.430555556,0.444444444,0.708333333,0.236111111,0.527777778,0.633333333,0.541666667,0.555555556,0.680555556,0.638888889,0.611111111,0.597222222,0.680555556,0.652777778
434,WABI/SPACE_07_WABI_clip_014,0.666666667,0.430555556,0.444444444,0.708333333,0.236111111,0.527777778,0.633333333,0.541666667,0.555555556,0.680555556,0.638888889,0.611111111,0.597222222,0.680555556,0.652777778
435,WABI/SPACE_07_WABI_clip_015,0.666666667,0.430555556,0.444444444,0.708333333,0.236111111,0.527777778,0.633333333,0.541666667,0.555555556,0.680555556,0.638888889,0.611111111,0.597222222,0.680555556,0.652777778
436,WABI/SPACE_07_WABI_clip_016,0.666666667,0.430555556,0.444444444,0.708333333,0.236111111,0.527777778,0.633333333,0.541666667,0.555555556,0.680555556,0.638888889,0.611111111,0.597222222,0.680555556,0.652777778
437,WABI/SPACE_07_WABI_clip_017,0.666666667,0.430555556,0.444444444,0.708333333,0.236111111,0.527777778,0.633333333,0.541666667,0.555555556,0.680555556,0.638888889,0.611111111,0.597222222,0.680555556,0.652777778
438,WABI/SPACE_07_WABI_clip_018,0.666666667,0.430555556,0.444444444,0.708333333,0.236111111,0.527777778,0.633333333,0.541666667,0.555555556,0.680555556,0.638888889,0.611111111,0.597222222,0.680555556,0.652777778
439,WABI/SPACE_07_WABI_clip_019,0.666666667,0.430555556,0.444444444,0.708333333,0.236111111,0.527777778,0.633333333,0.541666667,0.555555556,0.680555556,0.638888889,0.611111111,0.597222222,0.680555556,0.652777778
440,WABI/SPACE_07_WABI_clip_020,0.666666667,0.430555556,0.444444444,0.708333333,0.236111111,0.527777778,0.633333333,0.541666667,0.555555556,0.680555556,0.638888889,0.611111111,0.597222222,0.680555556,0.652777778
441,WABI/SPACE_07_WABI_clip_021,0.666666667,0.430555556,0.444444444,0.708333333,0.236111111,0.527777778,0.633333333,0.541666667,0.555555556,0.680555556,0.638888889,0.611111111,0.597222222,0.680555556,0.652777778
442,WABI/SPACE_07_WABI_clip_022,0.666666667,0.430555556,0.444444444,0.708333333,0.236111111,0.527777778,0.633333333,0.541666667,0.555555556,0.680555556,0.638888889,0.611111111,0.597222222,0.680555556,0.652777778
443,WABI/SPACE_07_WABI_clip_023,0.666666667,0.430555556,0.444444444,0.708333333,0.236111111,0.527777778,0.633333333,0.541666667,0.555555556,0.680555556,0.638888889,0.611111111,0.597222222,0.680555556,0.652777778
444,WABI/SPACE_07_WABI_clip_024,0.666666667,0.430555556,0.444444444,0.708333333,0.236111111,0.527777778,0.633333333,0.541666667,0.555555556,0.680555556,0.638888889,0.611111111,0.597222222,0.680555556,0.652777778
445,WABI/SPACE_07_WABI_clip_025,0.666666667,0.430555556,0.444444444,0.708333333,0.236111111,0.527777778,0.633333333,0.541666667,0.555555556,0.680555556,0.638888889,0.611111111,0.597222222,0.680555556,0.652777778
446,WABI/SPACE_07_WABI_clip_026,0.666666667,0.430555556,0.444444444,0.708333333,0.236111111,0.527777778,0.633333333,0.541666667,0.555555556,0.680555556,0.638888889,0.611111111,0.597222222,0.680555556,0.652777778
447,WABI/SPACE_07_WABI_clip_027,0.666666667,0.430555556,0.444444444,0.708333333,0.236111111,0.527777778,0.633333333,0.541666667,0.555555556,0.680555556,0.638888889,0.611111111,0.597222222,0.680555556,0.652777778
448,WABI/SPACE_07_WABI_clip_028,0.666666667,0.430555556,0.444444444,0.708333333,0.236111111,0.527777778,0.633333333,0.541666667,0.555555556,0.680555556,0.638888889,0.611111111,0.597222222,0.680555556,0.652777778
449,WABI/SPACE_07_WABI_clip_029,0.666666667,0.430555556,0.444444444,0.708333333,0.236111111,0.527777778,0.633333333,0.541666667,0.555555556,0.680555556,0.638888889,0.611111111,0.597222222,0.680555556,0.652777778
450,WABI/SPACE_07_WABI_clip_030,0.666666667,0.430555556,0.444444444,0.708333333,0.236111111,0.527777778,0.633333333,0.541666667,0.555555556,0.680555556,0.638888889,0.611111111,0.597222222,0.680555556,0.652777778
451,WABI/SPACE_08_WABI_clip_001,0.671875,0.479166667,0.322916667,0.708333333,0.3125,0.458333333,0.5125,0.5,0.427083333,0.53125,0.541666667,0.5,0.46875,0.59375,0.59375
452,WABI/SPACE_08_WABI_clip_002,0.671875,0.479166667,0.322916667,0.708333333,0.3125,0.458333333,0.5125,0.5,0.427083333,0.53125,0.541666667,0.5,0.46875,0.59375,0.59375
453,WABI/SPACE_08_WABI_clip_003,0.671875,0.479166667,0.322916667,0.708333333,0.3125,0.458333333,0.5125,0.5,0.427083333,0.53125,0.541666667,0.5,0.46875,0.59375,0.59375
454,WABI/SPACE_08_WABI_clip_004,0.671875,0.479166667,0.322916667,0.708333333,0.3125,0.458333333,0.5125,0.5,0.427083333,0.53125,0.541666667,0.5,0.46875,0.59375,0.59375
455,WABI/SPACE_08_WABI_clip_005,0.671875,0.479166667,0.322916667,0.708333333,0.3125,0.458333333,0.5125,0.5,0.427083333,0.53125,0.541666667,0.5,0.46875,0.59375,0.59375
456,WABI/SPACE_08_WABI_clip_006,0.671875,0.479166667,0.322916667,0.708333333,0.3125,0.458333333,0.5125,0.5,0.427083333,0.53125,0.541666667,0.5,0.46875,0.59375,0.59375
457,WABI/SPACE_08_WABI_clip_007,0.671875,0.479166667,0.322916667,0.708333333,0.3125,0.458333333,0.5125,0.5,0.427083333,0.53125,0.541666667,0.5,0.46875,0.59375,0.59375
458,WABI/SPACE_08_WABI_clip_008,0.671875,0.479166667,0.322916667,0.708333333,0.3125,0.458333333,0.5125,0.5,0.427083333,0.53125,0.541666667,0.5,0.46875,0.59375,0.59375
459,WABI/SPACE_08_WABI_clip_009,0.671875,0.479166667,0.322916667,0.708333333,0.3125,0.458333333,0.5125,0.5,0.427083333,0.53125,0.541666667,0.5,0.46875,0.59375,0.59375
460,WABI/SPACE_08_WABI_clip_010,0.671875,0.479166667,0.322916667,0.708333333,0.3125,0.458333333,0.5125,0.5,0.427083333,0.53125,0.541666667,0.5,0.46875,0.59375,0.59375
461,WABI/SPACE_08_WABI_clip_011,0.671875,0.479166667,0.322916667,0.708333333,0.3125,0.458333333,0.5125,0.5,0.427083333,0.53125,0.541666667,0.5,0.46875,0.59375,0.59375
462,WABI/SPACE_08_WABI_clip_012,0.671875,0.479166667,0.322916667,0.708333333,0.3125,0.458333333,0.5125,0.5,0.427083333,0.53125,0.541666667,0.5,0.46875,0.59375,0.59375
463,WABI/SPACE_08_WABI_clip_013,0.671875,0.479166667,0.322916667,0.708333333,0.3125,0.458333333,0.5125,0.5,0.427083333,0.53125,0.541666667,0.5,0.46875,0.59375,0.59375
464,WABI/SPACE_08_WABI_clip_014,0.671875,0.479166667,0.322916667,0.708333333,0.3125,0.458333333,0.5125,0.5,0.427083333,0.53125,0.541666667,0.5,0.46875,0.59375,0.59375
465,WABI/SPACE_08_WABI_clip_015,0.671875,0.479166667,0.322916667,0.708333333,0.3125,0.458333333,0.5125,0.5,0.427083333,0.53125,0.541666667,0.5,0.46875,0.59375,0.59375
466,WABI/SPACE_08_WABI_clip_016,0.671875,0.479166667,0.322916667,0.708333333,0.3125,0.458333333,0.5125,0.5,0.427083333,0.53125,0.541666667,0.5,0.46875,0.59375,0.59375
467,WABI/SPACE_08_WABI_clip_017,0.671875,0.479166667,0.322916667,0.708333333,0.3125,0.458333333,0.5125,0.5,0.427083333,0.53125,0.541666667,0.5,0.46875,0.59375,0.59375
468,WABI/SPACE_08_WABI_clip_018,0.671875,0.479166667,0.322916667,0.708333333,0.3125,0.458333333,0.5125,0.5,0.427083333,0.53125,0.541666667,0.5,0.46875,0.59375,0.59375
469,WABI/SPACE_08_WABI_clip_019,0.671875,0.479166667,0.322916667,0.708333333,0.3125,0.458333333,0.5125,0.5,0.427083333,0.53125,0.541666667,0.5,0.46875,0.59375,0.59375
470,WABI/SPACE_08_WABI_clip_020,0.671875,0.479166667,0.322916667,0.708333333,0.3125,0.458333333,0.5125,0.5,0.427083333,0.53125,0.541666667,0.5,0.46875,0.59375,0.59375
471,WABI/SPACE_08_WABI_clip_021,0.671875,0.479166667,0.322916667,0.708333333,0.3125,0.458333333,0.5125,0.5,0.427083333,0.53125,0.541666667,0.5,0.46875,0.59375,0.59375
472,WABI/SPACE_08_WABI_clip_022,0.671875,0.479166667,0.322916667,0.708333333,0.3125,0.458333333,0.5125,0.5,0.427083333,0.53125,0.541666667,0.5,0.46875,0.59375,0.59375
473,WABI/SPACE_08_WABI_clip_023,0.671875,0.479166667,0.322916667,0.708333333,0.3125,0.458333333,0.5125,0.5,0.427083333,0.53125,0.541666667,0.5,0.46875,0.59375,0.59375
474,WABI/SPACE_08_WABI_clip_024,0.671875,0.479166667,0.322916667,0.708333333,0.3125,0.458333333,0.5125,0.5,0.427083333,0.53125,0.541666667,0.5,0.46875,0.59375,0.59375
475,WABI/SPACE_08_WABI_clip_025,0.671875,0.479166667,0.322916667,0.708333333,0.3125,0.458333333,0.5125,0.5,0.427083333,0.53125,0.541666667,0.5,0.46875,0.59375,0.59375
476,WABI/SPACE_08_WABI_clip_026,0.671875,0.479166667,0.322916667,0.708333333,0.3125,0.458333333,0.5125,0.5,0.427083333,0.53125,0.541666667,0.5,0.46875,0.59375,0.59375
477,WABI/SPACE_08_WABI_clip_027,0.671875,0.479166667,0.322916667,0.708333333,0.3125,0.458333333,0.5125,0.5,0.427083333,0.53125,0.541666667,0.5,0.46875,0.59375,0.59375
478,WABI/SPACE_08_WABI_clip_028,0.671875,0.479166667,0.322916667,0.708333333,0.3125,0.458333333,0.5125,0.5,0.427083333,0.53125,0.541666667,0.5,0.46875,0.59375,0.59375
479,WABI/SPACE_08_WABI_clip_029,0.671875,0.479166667,0.322916667,0.708333333,0.3125,0.458333333,0.5125,0.5,0.427083333,0.53125,0.541666667,0.5,0.46875,0.59375,0.59375
480,WABI/SPACE_08_WABI_clip_030,0.671875,0.479166667,0.322916667,0.708333333,0.3125,0.458333333,0.5125,0.5,0.427083333,0.53125,0.541666667,0.5,0.46875,0.59375,0.59375
